3.089792609085494135e+01,3.603430692477758601e+00,9.823245614980516294e+00,2.355607626673685218e+01,1.674262719027428403e+01,4.890910927616515913e+00,-1.926960374158873179e+01,-1.320092738618413009e+01,1.283508482194834599e+01
-5.554136405818387523e+00,2.076389063952973402e+01,1.005510923781155341e+01,-1.285130521988614660e+01,2.968093929519046270e+00,1.119052623373727684e+01,5.039297571187035807e+00,-5.505085888157319474e+00,1.457215376653392980e+01
2.289497043226916162e+01,1.672109561422274737e+01,-8.945218937507814161e+00,3.967755094907356561e+00,-9.344300401842088988e+00,2.643948161072717795e+00,-1.580449175796826200e+00,1.661747535899333528e+01,1.021419666249932767e+01
7.712637720279551523e+00,1.418517326441854820e+01,-6.436678403232159340e+00,2.680077613166515960e+01,1.568148288184878858e+01,-7.698974439896907995e+00,-6.178563491086671577e-01,1.687758057385384802e+01,-5.481473565135393855e+00
2.121715908073719348e+01,2.041335300350725035e+01,-3.700077960181835657e+00,1.408257546552283301e+01,-1.454702513937017727e+01,1.445181086010098426e+01,-2.802586739822237494e+00,1.273623518681325528e+01,1.839904070348497100e+01
3.455158406982139052e+00,-1.801926798459285717e+00,1.072772491358976765e+01,1.162604854817073985e+01,-2.698260765726034016e+00,2.397471444268976626e+01,-1.060028249958126167e+01,1.994300679933134646e+01,-5.682708286670690612e+00
6.355769857424038438e-01,4.498144250178461867e+00,2.111881987307159037e+01,-1.097726525606841808e+00,-1.903972993814647907e+01,2.293523679865841203e+01,9.798008052164869142e+00,-3.304096356251198685e+00,8.668403309050730643e-01
2.138014722299152837e+01,2.257539988947937459e+01,-1.184392671256522078e+01,1.236526274377984791e+01,-2.907141992792328988e+00,2.476604893622908676e+01,3.838704806459456442e+00,2.549253506084295751e+01,2.077000222842251720e+00
2.054434035041225570e+01,1.311340783752635275e+01,1.470768504399789123e+01,-1.566835793698233026e+01,1.058274474254108988e+01,1.371281777621431219e+00,1.923245917626149293e+01,-2.360825315471221586e+01,2.932842516781373643e+00
-1.362907686018675690e+01,9.985396463755137342e-01,1.706571805034514000e+00,1.565459663961914671e+01,2.101547944767941445e+01,-1.139451024928719569e+01,1.115392840461231394e+01,-1.680479794978107222e+01,2.219042923444446558e+01
2.007139979808174246e+01,2.275005075579189295e+01,1.373670033900348031e+00,5.347015657711073011e+00,-9.137206110568506290e+00,6.873903842755208160e+00,6.070389950453360051e+00,1.468797404357295022e+01,-2.895885467277144354e+00
-9.890802516282587220e+00,8.655321871412555268e+00,2.026105870548859755e+01,2.389994101984965980e+00,-1.274237090923321425e+01,1.460003945599977149e+00,1.857478733190517417e+01,1.010993954868240952e+00,2.639008025611897779e+01
1.231724994843520982e+01,5.113221719669037491e+00,-3.784878938737358478e+00,-8.404365410422714788e+00,-1.007669607037825799e+01,-7.594210311722999762e+00,2.693508468048558768e+01,2.450154698904529837e+01,-1.018680187816154792e+01
-6.238974343526448862e-01,8.072478135142640454e+00,1.475910020880993123e+01,-1.570882057714025848e+01,-4.591198867683722540e+00,1.254236373319699505e+00,5.040001887020993721e+00,6.078845236009848385e+00,3.384737761548871759e+01
-5.592713551603836208e-01,1.035343409094977929e+01,2.508970619548474090e+01,-1.680958830393927173e+01,1.187858936455917380e+01,6.968593038154053509e+00,9.914696096827725569e+00,-1.028014125815344748e+01,2.026803489129611080e+01
7.398644217113719002e+00,1.093628104253742173e+01,5.839601494855212849e+00,-3.120273772854658123e+00,1.191181850585723012e+01,1.518751580053723238e+01,-1.334695262858829246e+01,-5.482572019607273361e+00,-8.565484541759625259e+00
-1.176227622188437394e+01,-3.630756831514382554e+00,7.791861062398609761e+00,1.292002881047945451e+01,-9.635124477030686307e+00,4.072536101507679973e+00,3.957900457440766573e+00,3.363134282676855236e+01,2.698441267989150916e+01
2.731234465690805635e+01,-1.663905761210134315e+01,-4.423570588086608524e+00,2.615778592128569713e+01,2.070455469746467969e+01,-1.237766260430719356e+01,7.969992291940024565e+00,7.289601486614194492e-01,7.553988669142489343e+00
1.120370980078086554e+01,4.638302223260495794e+00,2.062021228642350934e+01,-2.805336030707428208e-02,-6.561226059866637428e+00,9.632520293612943929e-01,2.081078776178967615e+01,6.990406653518011382e+00,-5.041664681857046304e+00
-1.831212959918941507e+00,-1.040580057250239143e+01,4.046204583037742997e-01,1.369829267963639907e+01,-7.425999345664163087e+00,-4.094271439104379517e+00,-3.105909639044846404e+00,1.343591424945154600e+01,1.245402739152812899e+01
-4.145477846171283787e+00,-9.055064152176663939e-01,-2.394856290913663699e+01,1.828304946720468038e+01,-1.494796241652454327e+01,-1.718404685919998443e+01,7.273603677833325953e+00,2.011975201197925500e+01,-9.624893756878321938e+00
9.983375671972115839e+00,1.021578194028007980e+00,1.968297494148881777e+00,2.188098987957066655e+01,1.916676378850483076e+01,-2.467029710602243409e+00,-1.013311299711553026e+01,1.149361255779428248e+01,-1.261462059926431500e+01
4.572862556380586696e+00,1.292191291030767886e+01,2.094841290474915141e+01,1.118205467415060328e+00,4.226974821669665872e+00,1.890930674690758195e+01,-5.507085351005524210e+00,2.045068207305041241e+00,2.332954389808189433e+01
1.627101656098528792e+01,1.310834431281334922e+01,1.586789434435649149e+01,-3.061115370718928475e+00,-6.929415442777335343e+00,2.570369711989759942e+00,1.306397041697382377e+01,-6.781239671650955536e+00,7.106420941746684150e+00
-6.183387577293748549e+00,-3.412266745947854507e-01,2.103576531322190135e+01,4.251724513798724736e+00,-1.242336200594093221e+01,6.969353416704717752e+00,1.081306917754315045e+01,7.028971203623823882e+00,-8.429875611749393371e-01
1.345007309823366271e+01,1.332162431145358106e+01,-2.502085178579798175e+00,-7.387382828650448374e+00,-4.694575473550055555e+00,-4.861162440681619401e+00,-1.594867173191053666e+01,1.021330657160051381e+01,2.403682845834157078e+01
-3.068734226175716007e+00,1.205416069167581483e+01,1.438173274866199058e+01,1.372667540527353580e+01,1.247684757691373214e+01,-1.358846560610893839e+01,1.082525192164678352e+01,3.895110202587270809e+00,-1.804414157113603423e+01
8.980121952082528836e+00,-3.623951768451376676e+00,-3.410197655100977165e-01,1.278649230676564308e+01,-1.683414762436865830e+00,-9.851794395937401028e-01,2.097403190770117831e+01,2.066264929239802228e+01,-6.232008296187504515e-01
2.218200760706228536e+01,1.253845369504062646e+01,8.207388764293661154e+00,-1.911027753949632313e+01,6.769816335986927669e+00,7.712355190810181504e+00,1.029857645138353206e+01,-1.404992088251254678e+01,-1.671242992706716279e+01
-8.869408498228640525e+00,-3.846840001393111663e+00,7.715362015190629030e+00,1.151685305188931707e+01,8.215927836458675415e+00,2.337482343091379278e+01,-8.527160458922399044e+00,-1.064491130144882192e+01,2.334125972745443089e+00
5.351165554511612577e+00,-1.281405639791380580e+01,7.526230339213715315e-01,-9.314959899105298646e+00,2.212549800306692305e+01,2.162082967588822413e+01,4.231300532872366293e-01,2.653565780923782924e+01,-3.522132955445487212e+00
2.013684117775508042e+01,-1.203468700624755527e+00,1.140267532868583400e+00,-3.001990850851448123e+00,5.670645203549546487e+00,8.139014345232757464e+00,-7.431127982386233732e+00,2.010370056521155036e+01,1.935194366719445114e+01
9.977195943594599825e+00,7.661386538147319847e+00,1.136721089911130456e+01,1.483003666426112410e+01,2.493516500963865212e+01,1.767986533770871915e+01,-1.836500534342807578e+00,-5.111135565490122490e-01,-5.681215334254972937e+00
2.568207078751105854e+01,-4.561410363815977753e+00,-6.006178079518424084e+00,-5.496055380464164308e+00,2.396048534065878499e+01,-3.700650880190611502e+00,2.342374961701615277e+01,1.010714118368710324e+01,-7.241725576964785027e+00
-5.624595636340192328e+00,2.380966880649735717e+00,2.978457476350188315e+00,-1.036728560726302284e+01,9.150209302907869713e+00,2.950282581424733763e+01,2.374197028978403168e+01,6.818418539612968843e+00,-7.032189681108175883e+00
-7.301895289392084543e+00,2.777399902966006806e+00,2.135752977076153769e+01,6.912289128743092093e+00,3.121575486646936426e+01,-2.765626303589551682e+01,-6.493713488944187873e+00,6.421190279598802064e+00,7.476429623102998967e+00
3.257381071359543689e+00,-2.765396543046589883e+00,1.418120670374676262e-01,-1.700899701915106021e+01,2.003573300235812837e+01,1.889240794159744041e+01,2.806329137281857911e+01,4.707034290682718392e-01,3.124289539467457910e+00
1.214129447119006583e-01,1.188696766244542324e+01,3.166096051779762277e+00,-2.461155515540172534e+00,-1.363854810456122202e+01,7.474369927640529099e+00,9.673314580609392976e+00,7.758405673954952952e+00,3.218462594777361829e+01
1.717047192014517876e+01,3.436126953904300674e+00,2.843487847574404270e+01,-3.281382998951371643e+00,2.397833520845599864e+01,7.445530466849239914e+00,1.027981527946155005e+01,-1.229054142272563865e+01,-2.125355589854691019e+01
1.532851840566650026e+00,9.884369206615085446e+00,1.080829857311895736e+01,2.007569841808667377e+01,-3.415007929774525053e-01,-2.879571662688794831e+01,3.549589731813777149e+01,3.995719461482872603e+00,-3.368452361184063548e+00
-2.775757708059139350e+00,1.785085021394980709e+00,-1.309711945775801911e-01,-2.080343131506861454e+01,-1.753960759439621953e+01,-5.034826472943684905e+00,-1.154651114497488917e+00,7.475405105896405722e+00,1.041059205519029085e+00
1.713762993404969492e+01,3.046321636726202264e+00,-5.622782691353338080e+00,1.814416044508678993e+01,2.226196868076919966e+00,2.469701872034667645e+01,-1.731346367176242040e+01,3.261854681671809142e-01,-6.897913294204760959e+00
1.853149636744942441e+01,-1.189796121208737034e+01,-9.496587484501340271e+00,1.323657105435873005e+00,7.187647379194902264e+00,1.193081345333616383e+01,3.179001131238038624e+01,-1.851947793012779186e+01,1.663508148391298036e+01
-1.258905138176355543e+01,1.078117089581245658e+01,-1.787143983084742516e+01,6.470932743056063252e+00,3.594277936203335599e+01,-1.985003508309604570e+01,1.055570560973985383e+00,-2.791099589877490850e+00,5.244686758836508034e+00
-1.023872743023193504e-01,-1.124137458177593141e+00,-7.083404787448209561e+00,-3.009157743198460633e+00,-2.588452431315974245e+00,4.572657080549457298e+00,1.242737007315628972e+01,1.709979313792796063e+01,3.634025217716287415e+01
2.463822580689211250e+01,1.772170815431634594e+01,2.816755347554819711e+00,-7.891600369817107108e+00,8.765766095075336883e-01,-1.818494406095420857e+01,1.375468443576973421e+01,-1.085678686898156542e+01,2.602664936707183685e+01
1.841413234870196813e+00,1.128878949978612667e+01,1.594697850861806376e+00,9.709135866025274675e-01,2.856952104578914131e+01,-5.665631659472609716e-01,-1.150688077161109879e+00,2.023832211758380950e+01,-2.968080415000579730e+00
-5.315431913474337300e+00,-2.884514837151611388e+00,-8.991483530112136080e+00,-1.801427447646135249e+01,1.900412123285592259e+01,1.124948121713024562e+01,2.401655801338274543e+01,1.533501642249397001e+01,1.548578305664801391e+01
-5.090373704610985151e+00,-2.746669032002035243e-02,1.637025463297079497e+01,2.459124595183016737e+01,1.577056467768903403e+01,2.058009270806188695e+01,-3.788419345489153933e+00,1.001286758533816545e+01,7.645595957853264402e+00
-3.944928987967204481e+00,7.095653860354658171e+00,1.500777603127830773e+01,-1.343853765652833765e+00,2.092924161570730490e+01,-7.487633370894534401e+00,-8.781857844469209695e+00,-3.464457210615432103e+00,2.040843298509895121e+01
-4.105872403240894641e+00,-8.307145543031108303e+00,-2.146731578910206384e+00,2.289685002777981637e+01,2.106113428023069289e+01,-1.073327499908900862e+01,2.161352051841919319e+01,-3.745765981412149337e+00,8.193112001492494301e+00
-1.882513310539132734e+00,1.224558370538924912e+01,2.411605538106704927e+01,-1.803990293433702163e+01,-1.106964651925912513e+01,5.745853072955159568e+00,2.241895292507442505e+01,-8.716794131984311633e+00,1.290310474866970480e+00
1.841210930320731798e+00,3.907664976767160958e+00,4.929493533674785155e+00,2.297930463328406248e+01,-1.525625877226142535e+01,1.338779186414200240e+01,-4.829166344630744234e+00,1.544370857313281498e+01,-4.028825451365163346e+00
-3.509609062936275059e+00,2.427720505970929921e+00,-1.298306235884824389e+01,2.503553582288120083e+01,4.526876777863444445e-01,2.295359343062619129e+00,-3.930213580095178294e+00,-1.874138040876542233e+00,3.141028998001653960e+01
3.597761154070885370e-01,3.137096169830879244e+00,9.678118753324108425e+00,-1.010994090149151781e+01,4.963688511525233271e-01,-5.916639129492802240e+00,1.036801798003458686e+01,-1.098108287874578792e+01,7.887262311816686911e+00
1.730388065245762874e+01,1.820195385475544470e+01,-2.247847931091442319e+00,2.345347128972606043e+01,9.725291012307531346e+00,-2.967024793732248700e+00,3.114871681119015245e-01,-2.685484424943563209e+00,-1.562102952165446013e+01
-4.894255053100029507e+00,1.173756054820496963e+01,-6.153667046451697153e+00,1.513004050725743177e+01,2.418164192066552332e+01,7.786661348528024496e-01,7.320459121000277847e+00,-8.192441508446623999e+00,-1.467017770006598987e+01
-1.206904639202602159e+00,2.973607252068933349e+01,1.093310538388511510e+01,7.939425589047731435e+00,2.163689538707739501e+01,9.056844451623980774e+00,5.177751436649563388e+00,-1.415345281340075800e+01,-1.239356049307519569e+01
-4.531078129261736365e+00,-4.398259318144145169e+00,7.220276356049611266e+00,2.555336074305485994e+01,1.969624270245375541e+01,8.997982636193438966e-01,-4.121628341941024232e+00,6.434717978116870185e+00,1.047289224029869681e+00
1.575247876833533844e+01,1.591028135659187370e+01,-4.827719314350447988e+00,1.814210372102341395e+01,-8.230759465164050326e+00,1.914691085832377127e+01,-8.583574522421770325e+00,1.356411550261445598e+01,1.670799487509712833e+01
1.237205279642802580e+01,1.300186542815072066e+01,3.934861604922821332e+00,-1.296192348426343344e+01,2.134365758095583487e+01,6.737693726656556414e+00,-1.173511466731671860e+01,1.321615905996617935e+00,4.305652311492344175e+00
1.326991303003542910e+01,8.456208901775150721e-01,-7.550599063799452004e+00,1.051905194372159613e+01,1.705144923753951147e+01,-1.976646580826749044e+01,1.826145542535877908e+01,3.652794470069335553e+00,9.637871483931927941e+00
5.624007529634275748e+00,-1.357094918708297548e+01,3.259026479458649561e+01,4.877610534733343606e+00,5.500201837061875487e+00,-7.504654801351280824e+00,-1.246496873339231343e-01,1.698291531823641520e+01,2.024411802362540058e+01
8.344550876353634905e+00,-4.140252203003961462e+00,1.672020577815282394e+01,1.353783621874169674e+00,-2.014339070271285781e+00,-1.821600182414669788e+01,2.888664261547530288e+01,-2.803050708371245925e+00,1.974573594980249425e+01
-2.908453426151818455e+00,7.472844162699991521e+00,8.844433593675949723e+00,-1.609564362145462946e+00,1.637014599749912236e+01,-3.921955283796838554e+00,-9.673102746603451152e+00,-1.481330138979320132e+01,2.460236537869595352e+01
1.211292087099932679e+01,6.380034621201737366e+00,-1.166375939857958954e+01,1.834945083014034362e+00,6.851437141185363622e-01,2.513619216727639838e+01,-4.027014815479576626e+00,-1.187717545560270516e+01,1.368326627465433987e+00
1.744396342434046332e+01,-7.656000129564489720e-01,2.529734989332078143e+01,-9.317186330517580828e+00,-1.012129359506377213e+01,-8.696499221849448347e+00,1.438376040262484601e+01,1.815677229139567572e+01,1.060031726983661926e+01
2.045927851741443604e+01,2.425315732558436244e-01,1.784130231701018587e+01,6.438208642499988699e+00,-1.515203612925039467e+00,2.497324359490387735e+01,-1.633320812422416424e+01,1.371600657741571527e-01,5.365440740297636735e-01
-3.892233386568164644e+00,-3.028014820576823141e+00,9.369009641481060413e+00,6.891482648326876514e+00,5.583193137939193917e+00,1.579666143567427561e+01,2.510262998660481770e+01,-8.863001786136447180e+00,2.547080895582351090e+01
1.943810926655700655e+01,9.079185310484009008e+00,2.747340175483299163e+01,3.241739096132696396e+00,-1.455279006510553197e+00,-1.061924149068970991e+01,9.100363914266191845e-01,1.527472839122348525e+01,1.630435839914693874e+00
2.353880259051447155e+01,-9.406007699989251236e+00,9.925983870785952234e+00,-3.285870657685082463e+00,9.509194126995872409e+00,9.222955432973963141e+00,-2.184348231686685349e+00,-7.288756476468703838e+00,-1.281923694052556684e+01
-6.881904488450460100e+00,-4.083859450700831673e+00,5.576284862563108291e+00,-1.764899874244961708e+01,-1.909640685171756402e+01,1.349732249721386879e+01,3.012836066290723380e+01,5.032146550855799205e+00,-5.464629498898215587e+00
4.542367567902909187e+00,1.150284284197385354e+01,1.803513349537342236e+01,1.000546333108789199e+01,6.495224969120727110e+00,-2.974350226140779707e+00,-1.161106248113978268e+01,-1.762586616314136378e+01,-3.334541056687569116e-02
-6.270848205136631215e+00,9.546727189535790359e+00,1.244049578117253496e+01,-7.861238929100216488e+00,-5.258490972198631930e+00,1.819382604578840912e+01,2.426980297685974364e+01,1.556236991430334626e+01,-8.290044355962741918e+00
2.372230062641240522e+01,1.475672890227483158e+01,1.564387882446202838e+01,-8.080667070339389468e+00,-1.940597881894128207e+01,-2.121619242187549048e+01,3.745025860155797748e+00,1.653949284730992986e+01,-7.179239357452857351e-02
7.711980393602654971e+00,-1.555869277497699876e+00,3.056585485474498398e+01,1.679862569902876857e+00,-1.772446538442743957e+01,-6.445240605046329563e-01,1.079190144827843945e+01,-1.955904136250500525e+00,2.978150188528253306e+00
7.337856690768844281e+00,-1.893509538051155294e+00,2.799539124511079535e+01,-1.517182981814342568e+01,-4.025180298732547790e+00,-1.111632416209834062e+01,1.984028589655398989e+01,1.989314049479346380e+01,-1.044293181782468594e+01
1.850414047140973395e+01,-1.190765553886522810e+01,1.545956871701081958e+01,-1.404990721709691215e+01,5.161036508778400034e+00,-1.251879220653048108e+01,1.808942748003701340e+01,4.498255286086425997e+00,1.000879578445807994e+01
2.504412352692820320e+01,3.217689734941334034e+00,2.419891249590427762e+01,-1.011339019515962390e+00,-4.953698621788519496e+00,-7.578024773291312854e+00,-9.611913925977705331e-01,2.350531140616444747e-01,3.890129295563089329e+01
5.335776455540798047e+00,3.833803383989269342e-01,-1.154525249603038972e+01,2.780457904655704837e+01,-3.820248477990939029e-01,1.700902718842780814e+01,6.809911857975902372e+00,1.399674573119612475e+01,-1.302072020356674242e+00
-4.764069857981816369e+00,-5.166668592517422276e+00,-1.223757351901685198e+01,2.676103286509202661e+01,4.448554558054842900e+00,3.745133275969839470e+00,2.567697738098681270e+01,-1.128716490917781456e+01,-1.188370789901751223e+01
1.057434972182943689e+01,-2.672484141640742106e+00,-7.042072895605421934e+00,1.444372528261433963e+01,-1.128004643052930334e+01,-6.908292869598945174e+00,2.831454754580614264e+01,-1.402469951209111443e+01,1.341202679451402702e+01
5.929532427466697619e+00,2.096194906605125396e+01,1.301375848194702023e+01,7.332746079021188024e+00,-2.166264995781380875e+01,1.190095556492572815e+00,7.946632328810268930e+00,3.087510314644885057e+01,-9.726015877534218035e+00
-8.825597981917665535e+00,-3.471511302497114038e+00,-1.586293792213524334e+01,-1.363294712652655249e+01,2.414395466453931149e+01,1.983125008759871477e+01,1.913188303725957384e+00,2.159749642439254202e+01,-2.743741064089093018e-01
3.845869081924917054e+00,1.266314626694835432e+01,-1.915082183634933821e-01,4.694239949558970615e+00,-1.089506329068378498e+01,-9.062504031614783129e-01,2.389194143552247951e+01,1.787755835163629214e+01,2.472320695334051521e+00
1.006776181222677025e+01,2.395449546436187305e+01,1.423821224131039287e+01,-1.274422030304342002e+01,-8.365680942336526371e+00,-2.253124828658144807e+01,1.975239776577169692e+01,1.276187612004387795e+01,-6.000964206620940544e+00
-7.154094983259579266e+00,2.474784551971677615e+01,1.036386968061808300e+00,-1.503762809320791582e+01,2.151984787886679573e+00,4.478573294893685386e+00,-1.949210022307358070e+00,-1.710365316830166549e+01,2.296517771164888799e+01
-9.762317970173075565e+00,-3.222376225700235075e+00,-7.539176709520603481e+00,1.068933044950865074e+01,9.667311698659085906e+00,-2.732948445340214860e+00,2.383118726071231208e+01,1.733939425789093391e+01,1.261056299796329938e+01
1.613503408552105611e+01,-1.160818344070659336e+01,1.109183897936476537e+00,3.530722348627847396e+00,-7.267755023419672611e+00,2.692083400203947008e+01,-6.595691169506562090e+00,1.197620811270604824e+00,1.869093999213446722e+01
5.775432798288540504e+00,-4.399600162776626355e+00,1.805699417710568966e+01,-2.134514455829707202e+01,9.738573550392365163e+00,-2.222121566609618171e+01,1.029930466312262638e+01,9.916225970088220487e-01,2.128882089801500044e+01
3.637472862843624810e+00,1.431303647455944450e+01,-1.314774441614064493e+01,-1.207431334951175117e+01,-1.849290607402845410e+01,1.826534834722222778e+00,1.651040114197584785e+00,1.009746580755061407e+00,3.132479397121340270e+01
2.320896610710587282e+00,1.202758515176378218e+00,-4.206714228206312356e+00,-8.623648620501708217e-01,3.476788249974169531e+01,9.928218454935839432e+00,-7.298081122616056682e+00,2.054747879941785271e+01,2.057798112708841742e+01
-3.606273556357988852e+00,5.817520678371371545e+00,1.749067383975249967e+01,-5.415372261353714300e+00,2.942023463379441850e+01,-1.765578197323565846e+01,-1.000971464486369911e+01,4.755829734957319310e+00,2.296069370599230908e+01
1.295855018416671101e+01,5.865803883029673260e-01,2.134506898387538598e+01,2.622230182398544329e+01,1.431515725214423185e+01,1.061649962065939334e+01,-1.774905751831123535e+00,-9.911774281200219860e+00,2.305860957861834848e+01
5.815006812693802374e+00,-2.120387772198647713e+00,2.441943473663541297e+01,-7.242253219272704712e+00,1.987924846656470379e+01,1.800981494982426989e+00,8.014869998657564665e+00,-3.437119293517462815e+00,-2.193414724181261732e+01
4.304575812706372240e+00,3.821689168043681306e+00,4.878484976550100605e+00,7.155708461832660738e+00,5.253587368642090638e+00,2.629936508832329878e+00,4.410120889926679943e+00,4.337963443334818869e+00,2.676692225341433140e+00
-1.747116187681960531e+00,-4.067652815499791075e+00,2.456796988098350099e+01,2.196524163541992536e+01,-4.872056715946675998e-01,1.471782240611947046e+01,2.114808705619386586e+01,1.942509581900087490e+00,5.763971440019741266e+00
-1.083633853367111399e+01,1.028656487522298058e+01,2.047656184064647533e+01,-6.904080354400390362e+00,3.140011045780267196e+01,-1.582363185184329346e+01,-1.015628842630074757e+01,-2.139131416002709063e+00,-8.428078196488973717e+00
1.827555546920165952e+01,-1.103174287290086042e+01,1.925012285416074320e+01,3.283794787491198797e+00,1.955818142047782260e+00,-5.550929131296508778e+00,2.357217540253806121e+01,7.612897310595665878e+00,-6.050618270562063472e+00
-6.109326252718801697e+00,9.203717790669850629e+00,1.902008788136797435e+01,-1.876263175994132837e+01,-1.691806950129096432e+00,-6.125546388583478219e+00,1.842748619352620310e+01,1.381901287474680329e+00,1.706449248503557925e+01
1.268423191458398058e+01,1.053456999666268423e+01,-5.857125838204424895e+00,1.009861376053904003e+01,-1.554996118181752784e+01,1.170249724659625734e+01,8.336237169738188513e+00,-1.132848753485817106e+01,1.286168995318940844e+01
2.743209501077504697e+01,7.636631436389281546e+00,-3.311967632206872736e+00,-1.075320701833869386e+01,1.599105929941937454e+01,-4.759910266426761183e+00,-3.141229959806517424e-01,5.037330374770619734e+00,3.182058110408010165e+01
1.414687853581297894e+01,1.598853474578761702e+00,8.435881478751532825e+00,-3.944260878566362649e+00,1.457171286698254953e+01,-1.604088268899133851e+01,2.443387675846303342e+00,-6.168513493190223684e+00,2.012774554738588861e+01
9.578044155689021011e+00,-2.799677405747124315e+00,3.050974952869626833e+01,-4.056600297074741235e+00,1.290082059579082241e+01,1.383108172052953222e+00,-2.656458832666143799e+00,1.151676680865498792e+00,1.375386224853281902e+01
2.156468277696533420e+01,3.975559507068378018e+00,3.261961982412447725e+00,1.593648761177011153e+01,-1.036304725967047879e+01,1.637136626094620695e+01,-6.612638730947320020e-01,-1.706359280273727297e+00,1.397166581842453681e+01
7.722814749161226011e+00,-1.067115582748533242e+01,1.130057697807864869e+01,1.680564350002910956e+01,7.955755044088178352e+00,1.911362486154065721e+01,1.015847022646803133e+01,5.920000163676376381e+00,-1.454395928976648733e+01
2.688156920056214094e+00,2.280898630932077253e+01,1.742323197046655636e+01,-4.567480360979968346e+00,1.989132251191031386e+01,1.620452104651671732e+01,-9.405383648434348487e+00,3.113455052874258278e-01,-5.751561470438739221e+00
3.254568100573411282e+00,3.986229244078348666e-01,1.430285351649535208e+01,1.832943234081694328e+01,-9.223488533078443297e+00,1.819695618720139052e+01,6.890676867170578923e+00,-2.400801192783381666e-01,-5.148046641920907440e+00
-2.248121417279352219e+00,-4.485437695983606865e+00,2.725062220028148730e+01,2.185254151019885427e+01,-1.405220020779866275e+01,-9.093689454626298740e+00,3.065949339577592525e+01,2.458196960518093732e+01,-1.001383852797029306e+01
3.654002276033355923e+00,-5.063104847304633616e-01,2.224481967444538810e+01,2.293629468664236448e+00,-5.371176058408764220e+00,1.433508040136334927e+01,3.035030343254469631e+00,-2.914777208282087528e+00,2.952104044697697915e+01
3.348462576228628862e+00,-1.252171423867427791e+01,-4.138743457222714639e+00,2.515919977293786758e+01,-2.506230169531688201e+00,5.593173757556089143e+00,1.451771100973712425e+00,-3.595535586813539464e+00,-1.657925302146695046e+01
2.709181933007891008e+00,1.390564512000961983e+01,-1.304468064097112290e+01,2.535707302770932969e+01,2.730939805921425823e+00,-6.506215483631405228e+00,7.351096340034279919e+00,-1.337677735610762575e+01,6.967822569993405990e-01
-1.651471197060806029e+00,-6.055136876633466336e+00,2.112295558200960599e+01,-8.636272634249077262e-02,4.200001737973575011e+00,-1.164335363950554303e+01,1.384240181943560088e+01,-1.243475252522880581e+01,1.363723183057834198e+01
5.288732322905200789e+00,-2.371799650831075024e+00,-2.081192111979728310e+01,1.316061239797201843e+01,8.501593756740028596e+00,-1.289976394087610423e+01,1.214813305677999722e+01,-9.538001349298935949e+00,1.892983062884706769e+01
4.107733217631430733e+00,1.736325842167656930e+01,3.300683318848776637e-01,9.398719941004451961e-01,-7.440760959837418476e+00,-8.949444674244833919e+00,2.418749318384039526e+01,1.559610625477518475e+01,-3.751824546250872139e+00
2.170712023425152015e+00,1.868090786471224618e+01,-7.033913192548423510e+00,-5.100864002539006181e-01,-1.854128851913721121e+00,1.777848329103786318e+00,1.903588328661151152e+01,-5.645193685152682939e+00,2.679019025523978925e+01
1.130948829021084068e+00,4.121367682863112947e-01,-6.838050088862442921e-01,1.569611693687427945e+01,-1.363260721014225396e+01,2.612587106569099404e+01,3.345339005722555381e+00,2.904698902785757930e+00,9.515759409169742833e-01
1.194061391972952713e+01,2.468310413109194101e+01,9.929490190398867711e+00,-9.858886848483184195e+00,1.712951652159418714e+01,1.556760602888459299e+00,1.287599072664896127e+01,-7.842291902867112086e+00,-1.731918021353868653e+01
1.336866974077782011e+01,5.064015241592679573e+00,-1.158757941628737687e+00,1.137760215829557353e+01,2.184746819698278841e+01,-1.315839378301873142e+00,1.970124010327815034e+00,-1.943782853439289582e+01,-1.920749541399521476e+01
2.522343936614913673e+01,-2.952736060801987583e-01,-6.979137838577996966e+00,-5.496302841010329843e+00,-1.890089912352967261e+01,-8.460621875312307694e+00,-1.580296187409196307e+01,2.904382621052415558e+01,2.036289553837475808e+01
1.623746832247708483e+01,2.330158052326534346e+01,9.152411033597864787e+00,9.193814299216436225e+00,4.418089318608739990e-01,7.374600333128352503e+00,2.004035423702229579e+01,-1.177174232949075527e+00,-3.118380694391780672e+00
4.976854030252058969e+00,3.408119174482581393e+00,-1.693607791373099047e+01,2.318115084892142264e+01,-7.015953016425413580e+00,3.754998607333511096e+00,1.881072261005940405e+01,-4.712097982334658042e+00,2.007043156856845556e+01
-2.943401515345870134e+00,3.316549169640789607e+00,-7.521157079473289819e+00,9.643831445555782977e+00,2.299636193654427530e+01,-5.030306330924745772e+00,1.783277223391906574e+01,-1.930234006080953524e+00,1.482472701735905218e+01
8.517791765445503760e-01,2.651236194707008664e+01,-4.634785697045344044e+00,1.215263268288217180e+00,8.717759070077699235e+00,-8.254880505091994891e+00,2.280694460441120697e+01,-1.446289495976485462e+01,8.671527611178152739e+00
8.768037229533479859e+00,9.617257159676423584e+00,1.433315188028786435e+00,-7.969334644321959260e+00,-1.127022407891966616e+01,5.070882407610626252e+00,6.646524909015199434e+00,1.652086174412704267e+01,1.924774742402794336e+00
-9.113643966730297308e+00,-1.171010843928960554e+01,1.474179729946693662e+01,3.286431817157835411e+01,-8.813186129445979233e+00,2.005542257812322404e+01,-1.299015324836397056e+01,1.180763637664732579e+00,2.459325408696326321e+01
7.196242833099482539e+00,2.385439435090558646e+01,2.181180720918126070e+01,2.189868759154699163e+01,9.141806175121901745e+00,-6.135339157746393823e+00,-6.004428705687098855e+00,-9.215095123832217183e+00,-4.018660774818385129e+00
2.305400997190463741e+01,2.885384911782363204e+01,1.825306855871896161e+01,-3.955905390427081336e+00,-1.085465260860130243e+01,4.277081234313575009e-01,8.701487266399274390e+00,1.259440951944004361e+01,-1.166843144916249964e+00
1.846330593745255211e+00,1.247736145642089589e+01,1.388187832462937266e+01,-7.571516059429816536e+00,-1.052847983371214724e+01,-7.573899640591197802e+00,1.510565341284309504e+01,3.776944223653975335e-02,2.083150577520734359e+01
6.163837916920625659e+00,2.568655095735564942e+01,2.000209864374699009e+01,-8.494793828814326986e+00,2.984360507784626915e+00,-1.700731949614605654e+01,-8.166750798122624388e+00,2.798677630572138142e+00,2.014951371386359114e+01
2.612435470182390063e+01,-1.300623249640615064e+01,1.418673467238078700e+01,3.366776858322045740e+01,5.826782850879922426e-01,6.331387591804059412e+00,-6.575593842419921176e-01,4.832609656647360197e+00,3.736096289090791611e+00
2.984945807781274052e+00,-4.138442253169606899e-01,-2.242522435431085537e+00,-1.406936568504657004e+01,-1.663408020620596872e+01,1.952764464299872671e+01,2.443445100644039414e+01,7.106364026709962367e+00,1.758590711754801816e+01
-1.370829294155476497e+01,4.913362220867086294e-01,-3.824933909435288992e+00,3.882555611606218093e+00,1.075772611486054231e+01,2.813569635596146412e+01,-1.196615673750652808e+00,1.106649677623547517e-01,2.739964377703014620e+01
8.850275699015766051e+00,-5.435189167998045079e+00,1.758041514696109786e+01,2.678034368670292764e+00,2.880113974949611233e+01,-1.035491006799346536e+01,-3.667389215443753070e+00,-7.762068835373882258e+00,-5.388856766012469990e+00
-2.074033682624925934e+00,-1.471241296479909622e+01,3.403826819815561344e-02,4.521040388415568323e+00,7.051570996635706301e+00,5.019967118406181150e-01,9.871040656030245941e+00,-1.900300186374381184e+01,1.662997142102545212e+01
9.846792116443166876e+00,8.699569219192900604e+00,9.431947314661002224e+00,2.812412722068904358e+01,-7.462774392377578891e+00,5.987670380474440890e+00,3.137923726369340471e+00,-4.232728518308759291e+00,2.396697575499877431e+01
8.963905302906816530e+00,1.314361941291715574e+01,4.574265257317073896e+00,-4.618148565371739345e+00,3.665430342399328367e+01,-4.353638884141264320e+00,1.115109966695592725e+01,8.437528960385451526e+00,8.917750606583398465e+00
7.958320528990906695e+00,1.862229639026700578e+00,-1.016011294276054855e+00,-2.269952037950951240e+00,1.078466595855140098e-01,-2.604715367785655378e+00,6.154867070416782937e+00,-1.208397372451240903e+00,1.145424940910737988e+01
2.133255896219735348e+01,-2.064592830382642674e+01,5.779597936785401124e-01,2.405417673353049679e+01,2.638157147844819139e+00,-7.114233420719399348e+00,5.428422470412171741e+00,-1.197045968656842696e+01,2.294508789929459169e+01
2.051812881081035655e+01,-5.242691772666542960e+00,-1.633105467675935785e+01,-3.656921763058669228e+00,4.769745799507576933e+00,-9.458475841971473841e+00,9.350612904159609329e+00,1.813496578275513116e+01,3.315050008336526854e+00
-9.549818588146324894e-01,-7.760512984857055763e+00,-1.504426612105191197e+01,-1.735188947380476066e+01,1.884113207236236320e+01,-4.327559700142104226e+00,2.715808371763834117e+01,6.837332270001337697e+00,3.526614083157652679e+00
-3.925947423182466700e+00,7.541899484287998057e+00,-1.477057241602997628e+01,-1.060890983758961070e+01,2.504863716227163550e+01,-1.618515127300984346e+01,2.224262066842980090e+01,-2.204742547310228673e+00,1.434704894278269194e+01
-5.492243911539448575e+00,5.322805868982013244e+00,2.938698121469468560e+01,2.092540261696096238e+01,1.023643299708335341e+00,2.791364157674826529e+01,-1.290769018243046462e+00,9.307788069461844671e+00,-6.489621891714116408e+00
4.020287355948797270e+00,1.532249145491038966e+01,3.731141349230242099e+01,2.626880370536762932e+00,-3.617793765301431375e+00,-2.678181637409010829e+00,9.419269502659558313e+00,1.030844344674469060e+00,1.722643988118295866e+01
4.689185075338221376e-01,-5.875018603224200220e+00,1.617155202003199577e+01,2.082465783228155587e+01,2.470123779298848987e+01,-1.183007269619450952e+01,-1.478879617781866607e+01,6.122264288213925987e+00,2.086777113659877259e+01
2.204152987938303454e+01,-4.520768427339802997e+00,4.109501582582764101e+00,-1.563889088026906293e+01,9.825271823606129828e+00,-2.256857634708604721e+01,2.499201487014027379e+01,-4.311772518496384876e+00,2.288075828653389099e+00
-5.000627014018063754e+00,1.671772793235862764e+01,1.434648024382101639e+01,-4.558221738602574291e+00,1.149475363356025279e-02,-3.006543449319113659e+00,-9.806238377563621711e+00,2.541708862961125970e+00,8.868237756736750299e+00
-7.931645829540655335e+00,3.849284643147284690e+00,8.982899848100323936e+00,-1.211047931102535102e+01,1.628464873803268986e+01,2.424341429102835477e+01,2.162454407047698624e+01,-2.865761292184799913e+00,7.283003889245469153e+00
1.252032117895445218e+01,-6.844872559038894799e+00,1.184069331474981546e+01,6.702644463079707293e+00,2.444321351907682782e+01,1.277428795149301166e+01,-1.369754937220166724e+01,2.601972752154823709e+01,-8.694977992643870834e+00
-2.044767810132483277e+01,1.190412236452161387e+01,3.093497856533565837e+01,-1.169699019386192873e+01,9.009390350283846161e+00,4.100033119476681698e+00,1.143300037097397137e+01,4.302848340203783373e+00,-3.868517918291897839e+00
-1.537587862680685724e+01,-3.547067257120115169e+00,-7.767804325728390191e-01,-3.667222086704932105e-01,2.650928530230462599e+01,-8.049053380105267053e+00,1.348590621020084868e+01,2.216948093967580036e+01,-1.887738648499718508e+01
-1.014517787345928568e+01,-1.690234849858953936e+01,-1.810678135344950146e+00,2.699878481599789826e+00,-4.450913947665100068e+00,2.635070296787389230e-02,2.925595909157685082e+00,3.097652151607156412e+01,3.066072928308454948e+01
2.361112419154299147e+00,8.509364420661876593e+00,2.101940944497603159e+00,1.656375073850096769e+01,-8.831995424182334631e+00,1.329418075458888637e+01,-4.285158432782369409e-01,7.191176769621060672e+00,1.854524649552780957e+01
-1.309336968961469871e+01,1.164479974487558955e+01,2.736244134132733308e+01,-1.659505625580013088e+01,-1.201606179048939360e+01,1.297115464898956461e+01,1.059557948251327630e+01,5.128365308118667976e+00,1.442896580558053721e+01
6.808159132423410753e+00,4.096058494414414053e-01,-3.484425668506311968e+00,-6.936580505210186764e+00,3.998894893586792065e+00,-1.734805397670594607e+00,2.192722571759508199e+01,8.079266867321871493e-01,2.364269668325054496e+01
-2.956033830126382878e+00,1.126489689028187691e+01,-1.374836582715339706e+00,-2.272033047415627838e+00,-2.533660817606607107e+00,-2.778186711188621150e+00,8.157388730772751728e+00,7.875671555285669589e-02,6.791012718380562418e+00
1.336548381812309172e+00,-8.804123043030205764e+00,1.716129346556462565e+01,8.933933705295054040e+00,-1.256285673554668314e+01,1.973323640616671426e+01,2.871329908948776577e+01,-1.516767472076546852e+01,1.424147373405969086e+00
-6.565303086709986857e+00,3.426487504254244421e+00,-2.287640586645472318e+00,2.551969558460882226e+01,-3.050526541659885016e+00,4.841261002169868100e+00,1.410938857304406113e+01,-9.104204677511180677e+00,2.464772201811945607e+01
2.782581918606928539e+01,-8.298569331201402832e+00,1.091017780492364864e+01,3.920331288214122245e-01,-1.031011903647479322e+01,3.891688370261388474e+00,-5.514496010640744572e+00,-6.218440496568158338e+00,9.340108167423265328e+00
-1.116039442912101087e+01,1.512289878720222625e+01,-3.273974436945988664e+00,1.941528237550877112e+00,-1.238301734857763492e+01,3.764865800366312953e+01,-1.652106202203012586e+01,4.090872649430035146e+00,1.895920408861660889e+01
-9.157466761561497748e+00,1.267302722932444503e+01,1.562284860007496512e+01,-1.177092225593705876e+01,-1.172777028823439416e+01,1.577577785401865995e+01,1.279874589635997673e+01,1.198763503110308548e+01,-1.939319708475722104e+00
5.290621150627910829e+00,-1.304035243419354284e+00,1.571367442937528303e+01,-1.819458402997366875e+01,2.609417469263740585e+01,-2.110033947036945801e+00,-1.221842907378904775e+00,1.278377478363612596e+01,-1.600214412799678598e+01
8.116700535323838395e+00,1.587752019902501921e+01,9.559422933656824384e+00,1.519069689369046472e+01,2.198063012616547240e+01,-4.921650635865548296e+00,-8.004322773592733142e+00,1.398570622350091996e+00,-1.209193295569060034e+01
1.592004494322192265e+01,1.200510171559021178e+00,-2.063355577891256942e+01,-1.190658530832048001e+01,1.286359292615668792e+01,-1.031074828766878504e+01,-1.105853192255480089e+01,3.333408651963454261e+00,2.797620333517031455e+01
5.423025231870987284e+00,-7.355849019051427184e+00,-3.370121446744883453e+00,1.636652779965716675e+01,1.157420232553369388e+01,3.843459692889378498e+00,-1.398945986823374232e+00,1.438100123328741908e+01,2.573009241364905364e+01
3.584608840638585647e+00,-8.590634040280848538e+00,4.221462974748445340e+00,-1.139915291462154379e+01,3.153187633162092496e+01,7.266794989551124573e+00,-8.366718775569040645e+00,1.655947499218056151e+01,2.427395726466271597e+01
1.830542269633304997e+01,9.952799961141161944e+00,8.882163175974655545e+00,9.542974962775698344e+00,-5.891747487944981820e+00,1.510607435295285406e+01,8.843225336130114300e+00,8.768880885423907756e+00,-5.068121010668474646e+00
-8.654582309897788761e+00,6.208981088095135270e+00,1.740442630400557578e+00,2.609250960668786234e+01,-8.833856418353207118e+00,9.752248008102085919e+00,-2.373806646417724320e+00,1.864997169952085443e+01,-4.731282820747176321e-01
-1.034347813696822449e+01,1.053335538220216705e+01,1.065223093407823463e+01,-6.113788734630528410e+00,-1.051687869856753554e+00,8.846949002053490219e+00,2.575564754987461313e+01,2.875730601312864287e+00,-1.889720745177181627e+01
-1.976479407064039684e+00,6.327442346425479869e+00,-1.405402603010341878e+01,-1.450161494354003100e+00,2.161663140395243232e+01,-3.692914691766317148e+00,6.454932931345464198e+00,4.746168372165755045e+00,7.857477160942201166e+00
8.443499662886537749e+00,-1.016887209107521706e+01,-1.347615084666535523e+01,1.182090917179089296e+01,2.105019815515561277e+01,6.506415391852653940e+00,9.844463525864153297e+00,1.582527035852402086e+01,-1.792246218906968380e+01
2.416496400845013426e+01,4.204822404282818837e+00,2.120500309377806403e+01,8.248398822313532719e+00,-8.153567687510053119e+00,1.417908917788086676e+01,1.528967198306472142e+01,9.308805340920599747e+00,-8.025401005784782882e+00
2.154999036070380214e+01,2.180002943743332722e+01,4.150628435889512247e+00,8.310748189686243848e+00,1.967238541451335720e+01,-3.871211100738913391e+00,7.309882392235197424e-01,-7.469664507014778465e+00,-9.730663453455312251e+00
2.618546695944787839e+00,7.021906631255887987e+00,1.947632996587061172e+01,2.646188394886655804e+00,2.189207220177798452e-01,2.381674710364948311e+01,4.683425305752518142e+00,-1.985362684748307238e+00,-6.321641710830452787e+00
-3.954295002235021506e-01,1.756350105017654784e+01,9.047740618728990825e+00,1.533359352988243662e+00,-1.965537548968324089e+01,2.810252740071186039e+01,6.782812029186795932e+00,6.677502404518618206e+00,1.698219557736290852e+01
1.244161238080410037e+01,2.248852026115164549e+01,-6.081910206467258106e+00,-1.262633915354442316e+01,-6.172781589450161421e-01,-8.038665800144661588e+00,2.232527649533043501e+01,1.005913299174489417e+01,-3.710533444521793456e+00
-1.128576946531435787e+01,1.029355524764082119e+01,3.224766862671280876e+01,4.525565347684574746e+00,-1.118528845076101419e+01,1.136681026305326014e+01,1.682956872186621666e+01,-4.239670457712952256e+00,-7.682599669696541511e+00
1.147689924439255194e+01,6.818996216839215307e+00,-6.712648698493896227e+00,-2.112355855398864168e+00,6.827786664471510392e+00,2.024000741162578620e+01,1.550351065662370864e+01,1.802490711052321393e+00,-1.377544315378321782e+00
2.957425489041717270e+01,2.816741028416641868e+00,-1.804523954541065578e+01,-9.195582533095851829e+00,8.785307829473893548e+00,1.788792238559629411e+01,8.781830311659357235e+00,3.958443551535959642e-02,1.670102483165441143e+01
2.518557879809210753e+00,-5.317576582913238425e+00,2.143881773290302206e+01,-8.894940094089641036e+00,1.677922454256520624e+01,-1.213024653261341435e+01,-1.700468839311434621e+01,2.613035707304769062e+01,-1.277284181960529885e+01
1.458587977819895798e+01,9.714421819979966344e+00,-8.013549499579601942e+00,-9.244305264906490294e+00,1.187788654451698456e+01,2.178242541807057719e+01,-3.447729970366144592e-01,-1.049777872886106600e+01,-1.042108744067325787e+01
-4.531229966920181873e+00,2.393966039204348206e+01,-9.212247021635251443e+00,-2.005708721345183321e+01,1.354054238535132448e+01,2.139403321687666093e+01,-1.490846517961525919e+01,4.326274459188264920e+00,1.375680182944616625e+01
1.269901962566120979e+00,2.350459599558523038e+01,-1.125875569495888406e+01,-5.876460928804194239e+00,4.418607375794108449e+00,6.813618105713137751e+00,2.840587511769722795e+01,1.895742664122193233e+01,6.472275405377670765e+00
7.252726020038945620e+00,-1.193022220102999320e+01,2.229044024829693882e+00,1.995570105155287521e+01,1.974389783681543165e+01,-8.373904910890487940e+00,2.567048742894766278e+01,3.561722817763305904e-01,-1.207785013427684184e+01
4.431465260776470405e-01,-2.427784248063084682e+00,-3.194261116617425067e+00,-1.301911401630559517e+01,8.230339834133815202e+00,1.571418007743960565e+00,6.520234131521420728e+00,9.947917150687736410e+00,1.650339362540556465e+01
2.286845387355302250e+01,-1.096983289470124801e-01,2.341738291391717297e+00,-5.597394847613508251e-01,-9.115547501044745093e-01,-5.630887942826372061e+00,1.628447480789571955e+01,1.106529347497984261e+01,-1.950066812287888496e+01
-1.501277691221515909e+01,-1.798140436953369559e+01,1.858827227319423869e+01,-7.618583838410063258e+00,2.066529975844326117e+01,4.120185194658979810e+00,-5.765109871294385790e+00,1.767682415957169439e+01,-8.792279590700701419e+00
1.211436515378972345e+01,6.351479938654316371e+00,4.779770637783805398e+00,-7.934247070855343864e+00,7.057280960919369406e+00,4.928771861110490704e+00,-2.799458921482388618e+00,2.496107421278025740e+01,1.083269101149622138e+01
2.172673605054226798e+01,-5.374148815021255743e+00,3.026504731784266511e+01,-4.010260797585835313e+00,-8.636139088838099553e-01,1.493285615043176762e+01,-1.751406105657130841e+00,1.560717654171360635e+01,-8.742681054115278627e+00
1.117828350272857207e+00,8.859798261456015567e+00,3.158991584535876029e+00,1.159983033740517655e+01,3.976769716415176070e+00,8.402857153779113020e+00,3.368512969075221974e+01,1.651410809479861186e+01,1.846196274259894565e+01
-1.242526567404562421e+01,1.825185295039666045e+01,-4.205659271116735987e+00,-9.271679535928250004e+00,-2.591823731622139970e+00,-9.263793457456708680e+00,1.645183108995105314e+01,1.058265016766279132e+01,2.712486529379586897e-01
-8.126101592065264612e+00,7.442505694452557385e+00,-1.517190010488342899e+01,5.675780187635733220e+00,-2.387093312359981567e+00,3.080545183104733553e+01,4.613046662550082999e+00,-1.151345081839805928e+01,4.947858667881532391e+00
2.089907888919378465e+01,2.373658301594859310e+01,-4.595164934091083175e+00,2.737098029893330065e+00,7.243554624879167569e+00,1.220179795128091982e+01,-1.183169008771897346e+01,4.318164049660881076e+00,2.131623561060536076e+01
3.904156923007696012e+00,-6.145860015304988266e+00,4.725771759454328730e-02,2.747054764161060980e-01,1.684404984803509464e+01,-2.272489467050976941e+01,6.515953080495299865e+00,7.611985409278086756e+00,-3.570459405188261215e+00
1.905386133947916960e+01,4.157938032135415796e+00,1.461472725986805665e+00,2.025608639957350476e+01,2.878644413473283592e+00,-2.465755996919842374e+01,-6.394542891478901758e+00,-1.356019931304535575e+01,1.102193677065728750e+01
4.171652916500531383e+00,-1.208821990053877649e+01,-1.776484843862104768e+01,2.305659092296512114e+01,2.844304412139641025e-01,5.840121488080493251e+00,2.872245805385696826e+01,3.125527777009283525e+01,-4.733396738127375158e+00
-8.792007301314644252e+00,-9.744802994970460652e-01,9.533237090683953641e-01,2.111355861374813614e+01,2.064631654308074715e+01,-3.962866552037120016e+00,-2.364548613890872009e+00,3.560225609571150418e+00,2.049330384653127624e+01
1.410224385539989456e+01,5.474092328132768692e+00,2.073475623710627858e+01,-1.650951867146522289e+01,1.754806878089508526e+00,1.542808661303357276e+01,-1.266481770087413850e+01,9.385301097856499908e+00,4.015361153330418986e+00
-8.177330548632893326e+00,1.734149883813350357e+01,7.912642135026691115e+00,-1.172975915636418520e+01,2.006732421852214898e+01,-6.733151495667005548e+00,-2.145203339676190257e+00,-1.179133054713020279e+01,1.002007113237760727e+01
6.686443238761771823e+00,6.960380452999428869e+00,3.059197160102180124e+00,3.002701632723010405e+01,-1.024114580591792389e+01,1.095452757181231895e+01,1.517583462093375246e+01,-2.031319272704103618e+00,1.318402734919818187e+01
-1.598749840153593338e+00,1.956807906334580238e+01,-3.597767683123773264e+00,-2.077340649661470473e-01,-1.020434699589598360e+01,1.871332988085269378e+01,1.846698958769085852e+00,1.112496871714632896e+01,-5.798847265803269480e+00
1.045158796430132853e+01,-1.641992740836192066e+00,-9.925338976431874016e+00,1.817676696813236248e+01,-9.347558275487388713e+00,3.996005270416536526e+00,-3.928650718953513366e+00,1.584152600123760735e+01,1.616798582238179460e-01
-4.108382373479610550e+00,1.412851719840656273e+00,-1.798662593657668340e+00,2.285883639371156661e+01,-2.087784279381479280e+01,2.662548440165820196e+01,1.480920117550894410e+01,1.900163220178252388e+01,5.778556778805701732e+00
4.576829354026102692e+00,-1.073083339983119089e+01,3.296162998500153662e+01,1.260594588138316263e+00,3.341199113356787365e+01,6.026958869006557862e+00,2.942500231637082297e+00,-9.795265853739850925e+00,-1.361318757236549715e+01
-2.023866944518322697e+01,-5.486119676153960789e+00,1.635406316521955716e+01,2.438049556862417866e+00,-3.005986864949437454e+00,1.049829930237744158e+01,1.064213321265669343e+01,1.654989154299023824e+01,3.626741170968151096e+01
9.056338614003871967e+00,-3.841805909511331940e+00,-1.531360904054324479e+01,-2.717252783993119980e+00,-2.638570737293821078e-01,1.554781808761785022e+01,5.012528400362155523e+00,1.815150424200722812e+00,3.607498782140058591e+00
1.119313725285423544e+01,9.425703877760021498e+00,2.952937073427725601e+00,1.489750983990409416e+01,8.311217300584790024e+00,-6.505702246688751522e+00,3.450561879772087170e+00,1.206511405751133914e+01,-9.477478107592382628e+00
8.645924465081375132e+00,-7.903535304828528396e+00,-7.261185795439264012e+00,1.341222862482347677e+00,-4.619292484180094860e+00,-5.334600581530713370e+00,-1.386819086636304377e+01,3.562973293584406065e+01,1.482056438957701339e+01
1.892769350531366968e+01,5.906779011487398812e+00,8.470973731304978216e+00,1.813944676523834687e+01,-5.135569554586392194e+00,8.169917692799369746e+00,-4.260922350809680736e+00,-4.869653256082391302e+00,6.889233389592945400e+00
-3.708902904426349068e+00,1.468472776764272147e+01,-7.727820692733969876e-01,3.110311654173868590e+01,-1.815821203445455012e+01,-3.573514372541071626e+00,7.322083017729106302e+00,-1.368327334927001360e+01,-1.657160820138430024e+00
9.091493849585098985e+00,1.460774284156750369e+01,3.877251454993317914e+00,-1.497931291509105023e+01,2.431718188259844649e+00,-2.238559547585829179e+01,1.881018620466794644e+01,3.669601777183439939e+00,-3.377449145280242426e+00
4.003073554074817686e+00,2.480196711633385576e+01,2.299221942612393121e+01,-7.337451448856644909e+00,1.193408324056417058e+01,3.800390729118083399e+00,-7.903935900718551011e+00,1.588991438058316241e+01,-7.935247057638473045e+00
-4.491961195328917356e+00,-1.361541406996911396e+00,-4.888437173250577139e+00,4.433900281320810599e+00,-1.648932286125166513e+01,-1.412188479858690471e+01,2.787036975241089110e+01,1.007575126042713487e-01,5.802778851766083434e+00
-3.326962144131082044e-01,1.628199408619821753e+01,1.799168317357197111e+01,1.421795174447719745e+01,3.613392060447445875e+00,2.019809137486250705e+01,-1.012657478457261107e+01,-6.987803693432385721e+00,1.165638597733297255e+00
1.679109170157145670e+00,9.779449072945967103e+00,-9.531298629682120049e-01,-8.275895560343442980e+00,3.193631409600494919e+01,1.891818833224422036e+01,9.128149857880874407e+00,-7.911572393686508775e+00,1.105758352274060563e+01
1.272975539908517817e+01,1.091800399543270395e+01,1.341457165027627241e+00,2.593831756035021741e+01,2.875972041794621603e+01,1.061061338238892127e+01,-1.017819624235618825e+01,-1.383903281504958116e+00,2.520249333498083999e+00
2.010145073845241370e+01,5.339261353832938539e+00,1.121477789897924637e+01,6.418092789131902620e+00,2.213306563018333861e+01,-1.327156996385730814e+01,-1.823006574972432858e+01,7.062735585635932622e+00,-4.203151276340313380e+00
5.982663119767856585e+00,1.896390165249399473e+01,-6.078230202127867798e-01,6.054347652197763274e+00,-1.777864204500800227e+01,1.549182376669030026e+00,-1.733288404768244195e+00,1.651134460309614482e+01,2.338110324654279282e+01
-5.281470581469693393e+00,2.767195580691465295e+01,-5.574097912405332700e+00,-1.582828191017394204e+01,6.315654450604757386e-01,7.257407951352047526e+00,-3.565784120783288103e+00,1.217236592117755256e+00,2.876718182887867670e+01
-1.883111112318945235e+00,1.066183154594594917e+01,-5.494632792387087683e+00,2.006213875837150606e+00,-4.873935805677001909e+00,-7.338039770186303379e+00,1.605604444138041487e+01,1.102170007341094404e+01,2.977738708700596248e+01
-8.087523278227301660e+00,1.441107233763486262e+00,1.219916825029037533e+00,2.108033426151733636e+01,-7.382742018361936331e+00,-1.904285739450115034e-01,2.333780394521906132e+01,2.252664292076039843e+01,-1.255588453515594161e+01
5.297557613202219517e-02,3.750764305615013949e+00,-1.603445203799316232e+01,-5.397774482062771106e+00,1.219561431945238361e+01,4.539108584230896248e+00,2.972491401710839298e+01,2.197424749540740407e+01,-2.662858607021975743e+00
1.150012480680143589e+01,-2.355317990172419940e+01,-4.754293637981890086e+00,-6.047329246045544338e+00,-5.098869682388331270e+00,-5.249406610191431177e+00,2.057828589239935724e+01,5.651261491185713304e+00,-2.236888277180236972e+00
-1.666599840477638850e+01,-1.125236088490954423e+01,1.706237322641577947e+01,8.874566706515498282e+00,-9.090384593035187422e+00,1.067071335104382435e+01,2.411033470126457701e+01,2.662570720192478202e+00,-4.174591357631087796e+00
2.280026730721276707e+01,-1.361129447375830814e+01,-2.027120166913829014e+00,2.535850201480713828e+00,1.895032008768937004e+01,1.351285988395722448e+01,4.141808787976591910e-01,2.695097300336965773e+01,-1.044938746008709352e+01
2.461517493889806119e+00,1.795347981887951860e+00,-2.218045468209810522e+00,2.180844848028360872e+01,1.649320230637890461e+01,2.968476595274565710e+01,-7.763912310500562519e-01,7.086705822052316250e+00,8.779424684797599854e-01
1.976903173941574821e+01,1.813018453230830929e+01,2.463352776479316475e+01,-6.083116562801203386e+00,1.016981424202647588e+01,5.568332186842486209e+00,-6.937022402751106043e+00,-4.495984942234702686e+00,-5.744803957854538012e+00
1.695385430102805513e+00,-3.873342348392341816e-01,2.337677475154460893e+00,-1.140402178817606149e+01,2.298393761728857143e+01,-1.356381740816959791e+01,-2.129328600611485101e+00,1.170177110398609166e+00,6.952232094156107767e-01
2.566601913686983494e+01,-1.133124954051393374e+01,1.358513448631181930e+01,7.774242313954968786e-01,2.744264413488305188e+00,4.165223894490644341e+00,1.686809160688287434e+01,-3.170036363584234795e+00,1.939424760021138672e-01
7.782779875359850053e+00,4.713246995179060761e+00,-1.506405653442141457e+01,9.290739104717012253e+00,1.856360471730941697e+01,-1.556791128520918122e+01,6.622840068590799545e-01,2.646521476451573918e+01,-3.103475313731935969e+00
2.012838022235077418e+01,-8.930629637888852557e+00,6.132617844538027718e+00,-1.943759817204258056e+00,4.900549142940039959e-01,8.531634986655886266e+00,-2.628185183818859461e+00,4.091198364088421968e+00,3.119374505894779759e+01
-8.732458975835628578e+00,9.476570973147445898e+00,2.559345800863815246e+00,6.523962198511887856e-01,-2.488502221080403753e+00,1.681040028929905361e+01,-3.175396603777542737e-01,2.456416834862487164e+01,1.581244871741023061e+01
1.893926839253132144e+01,1.437475177980504171e+00,9.130909103410433048e+00,4.110045253730460146e+00,1.439772506734852975e+01,-3.658259194925077118e+00,4.483743101370626150e+00,2.649747584997869776e+00,-1.401389813614960467e+01
-1.532089104928872070e+00,-4.732775964383739709e-01,2.842980364062874798e+01,-1.163332583322394242e+01,-7.300447426309615295e-01,2.636577251597030624e+01,-1.267102828344881083e+00,2.194869062542068150e+01,-6.279386165004856579e+00
-8.547922911322435979e+00,2.188321620827917702e+00,1.127799751188230282e+01,5.537500250681778091e+00,2.292200083607964700e+01,-1.801578945706852064e+00,-1.403838410240150658e+01,-4.745756239565707801e+00,2.296647833635791969e+01
3.286794970360376489e+00,1.951297369126697268e+00,7.403210328429419285e+00,-9.794362461194554115e+00,1.560828659764501936e+01,5.543167305220678465e+00,-6.687158171582022526e+00,8.026617807631566848e+00,-3.285446772323970421e+00
-4.705898076536598751e+00,1.975496848845505227e+01,-4.564892668883086202e+00,9.694142808690420221e-01,6.929344419268387512e+00,9.025817317247458504e+00,-5.462792347392888104e+00,5.912619191909579186e+00,2.147996109807276000e+01
2.454400971196755066e+01,6.058444333420122341e+00,7.709453687221591522e+00,2.164556386744401983e+00,-2.006182776145493918e+01,5.730445432929461624e+00,8.051854837512120611e+00,-1.435775430207021763e+01,8.724452229263725656e+00
-3.283719778444502690e+00,5.133391997219733938e+00,-1.415238401693443038e+01,2.089209139834028242e-02,7.991178235993959156e+00,8.350511661757620274e+00,6.759928617555217123e+00,-3.222160879876536654e+00,2.644262746797083707e+01
3.372894073523435843e+00,2.969842898631887707e+01,8.603832153471257627e+00,1.080389538200290289e+01,1.420658565727600298e+01,-1.236481854250688706e+01,8.309900970792794439e+00,-8.628523392610233600e+00,-6.258222653120396606e-01
1.646682998473372095e+01,-9.747576385617909844e-01,3.375176460387807609e+00,2.775808428232819480e+00,1.288951351844766968e+01,-9.120989194353155582e+00,1.320532878437882118e+01,3.271884292540843830e+01,-1.783003572349257837e+01
3.657246059922651948e+00,1.622316393113440114e+01,9.551291590757719163e+00,-1.883142753665723390e+01,1.509940842863396071e+01,2.826833792877024365e+01,-4.915297632555575724e+00,8.180469903163860579e+00,-9.097340994322408392e+00
3.418278169602187333e+00,3.547958829947447157e+00,2.265525176448117151e+01,-5.254352160870099375e+00,2.252735983694569200e+01,-1.916075828129282144e+01,2.366095476483864246e+01,-1.092668060986987477e+01,1.795516942204933031e+01
-3.800169179277576248e+00,-1.592602356414318976e+01,1.282821091153788018e+01,1.208674899876471720e+01,3.454681211489032222e+01,-1.007019827716020943e+00,1.322089421981084811e+01,-1.140389847806638990e+01,-7.243289647062291614e+00
-3.106560485011852002e+00,-1.193989317948190099e+01,-7.012358892965234958e+00,4.195012922465479299e+00,1.972312957899716324e+01,-9.730265220594603193e+00,1.798261584348073328e+01,2.580577504790263887e+01,-2.908319648297939430e+00
1.984872050722274750e+01,-2.946904026416254041e+00,4.144061366818638348e+00,1.633977036291777907e+01,-9.608491100988036493e+00,-1.457075331087804626e+00,2.484144823467548058e+00,3.838277753982820006e-01,2.671417515764789385e+01
2.371721699213827961e+01,-1.617670254158606324e+00,-2.947933191507562167e+00,-9.620425964085258741e+00,1.437265987427853098e+01,-3.745865869548953508e+00,1.277828527605878328e+01,1.412296205126802207e+01,-1.721418576118435695e+01
1.845928045077202384e+01,-1.594900820579255551e+01,2.428034301515333127e+01,-2.031825958908395080e+01,7.628358826709930263e+00,2.900879765536789612e-01,-1.986531271323798364e+01,1.292656822628279967e+00,9.878843286239691324e+00
2.258936338414978806e+01,1.182523843784730033e+01,-1.286231778099687517e+01,5.386247097634271341e+00,-2.179413935659892587e+01,9.598307951061299192e+00,1.214736047933960394e+00,1.262581174112356663e+01,8.102509114951386593e+00
1.223206971630219186e+00,1.120540318577782557e+01,1.768304151844873440e+00,-1.555178022604845189e+01,-2.787902361899885495e+00,1.589358249013594282e+01,-3.041084818639389731e+00,2.846248304460842249e+01,1.723983522223496578e+01
-6.185504405986062437e+00,1.811071776488015761e-01,1.435411736161969820e+00,-1.275574686430911697e+01,-1.274773670769036293e+01,1.477236491431989762e+01,-2.203973727861819665e+00,2.217495290633513605e+01,2.331254045681530329e-01
-4.588240986544986910e+00,-7.345943910161012447e+00,-7.552769704888001590e-01,3.461461998320793043e+01,4.081661798315026957e+00,5.804342389086828646e+00,9.661640704793626355e+00,-2.215310696759242504e+01,1.490022488883755436e+01
-5.281446071494831251e+00,4.809144057943200851e-02,1.587677536404594214e+01,2.843953114419999295e+01,-1.151546784056582240e+01,1.035246011551544498e+01,2.365968118377669782e+01,-3.666276844155948567e+00,-6.078303412005315209e+00
-9.699495072934171125e-01,-2.052490959872645604e+01,-8.837608792181164574e+00,-8.046426306837888731e+00,1.087673851015923177e+01,2.419813671309143288e+01,-1.175807286997037959e+00,4.115601443487863165e+00,1.850045336198901680e+01
-5.602364785384216894e+00,6.307681202545932564e+00,2.877510029407940806e+01,-9.782617256314010135e+00,8.356779891161146168e+00,-2.973220742822494156e+00,2.636890767865902774e+01,1.830602383266966271e+01,-1.224671564690572900e+01
-1.537320752388371403e+01,-9.333120519221804301e+00,2.532389096486478408e+01,1.680347913784691372e+01,6.981126372502854949e+00,4.472508358838933162e+00,8.539821235467870864e+00,1.172089246592330092e+01,-1.897649753758744495e+01
1.373461421573006369e+01,3.109810600622212107e+01,2.804772870244702432e+01,-6.035593248340113348e+00,-2.127235638767789538e+00,-4.649742738301098299e+00,3.495376058563778532e+00,1.745461239276653975e+00,1.005232722131966483e+01
2.129207800639262160e+01,5.770693007722432988e+00,2.077108320968993027e+01,-5.087238378599314714e-01,7.075656177267855007e+00,1.598436587802248710e+01,6.794431887834227801e+00,-1.764740760958997967e+01,9.489567368459983498e+00
9.801357114071711507e+00,4.970025230342507427e+00,2.475695792060390588e+01,-1.252518012881153098e+01,2.921604342325654713e+01,-1.206982245231699169e+00,5.263747616619646408e+00,1.981071135414408602e+00,-7.113018786567949725e+00
1.210821621452236307e+01,-3.106195078772513440e+00,-5.073004702926688481e+00,-8.055144463226316276e+00,-1.264396526953067657e+01,1.042456408613417373e+00,1.847621442486859777e+01,1.831803909948627185e+00,1.060346635744995503e+01
-1.338197556783722542e+00,1.596238454996985290e+01,-2.195129729878784630e+00,1.689920600587182165e+01,8.467583806945477853e-01,3.333862265349749521e+01,-9.158509475298032498e+00,6.064218510750635893e+00,-1.265125253746010969e+01
1.849938816830391275e+01,-4.854320080700419204e+00,1.483720620441510185e+01,4.971560160266016659e+00,5.205930451017667160e+00,1.090933885563199368e+00,4.087472842597795086e+00,3.342961212037228336e+01,1.346606729651515444e+01
5.021884836656018258e+00,2.790098831382976208e+00,1.649562685882467861e+01,1.124212658592159997e+01,-1.450775889554923204e+01,6.662242480887082152e+00,7.212738499909400858e+00,1.465634631185612058e+01,3.433230924496622372e+00
-1.359093855840329546e-01,1.884457826234766387e+01,-6.841099792836796700e-01,2.109342009325074763e+00,2.266869872957454746e+01,-2.484402538858416776e+00,2.320576657803515186e+00,1.113442135439321667e+01,-4.165729618197517858e+00
2.167459593489754610e+01,-3.004439231858961001e+00,3.938751882225635548e+00,-1.571611545997662951e+01,1.995480837932973017e+01,-2.154269791864918737e+00,1.802071230432615678e+01,4.319496579912278200e+00,1.666228282964261709e+01
-2.921430104050223076e+00,2.062221306517207964e+01,-1.599386846344229118e+00,-5.729605634701962380e+00,-1.152143316100458570e+01,1.779781502219657341e+01,1.695728051821190618e+01,3.072589394642049498e+01,-1.603796663739737838e+01
1.874057421269221368e+00,-8.879276640665604958e+00,-2.003135669299419774e+00,-8.952333599426506083e+00,-9.627266663129790958e-01,1.864587013305791241e-01,2.414750462765036687e+01,1.851475603644920653e+01,2.223254723772589614e+01
5.822968878477476906e-01,1.254989760755964490e+01,2.157636827754039643e+01,1.494487159675430910e+01,-5.726440236601215705e-01,1.310815502517134945e+01,4.816143365341901017e+00,7.149714175172724673e+00,-1.626077913674833564e+00
9.646127806908875613e+00,8.910205479795685335e+00,1.847892761013610752e+01,-3.164675792888639538e+00,-1.287243678592805551e+01,1.127812368541013832e+01,1.011877839893384134e+01,7.632475446195434721e+00,-1.324534143088843319e+00
-2.071747775318304363e+01,9.009281476236605357e+00,-3.416640208907132159e+00,1.381020418652681414e+01,1.477803835816150624e+01,1.390421869465389904e+01,-7.870718952747338903e+00,2.795368669242447623e+01,6.859360868941871914e+00
1.015428636047865396e+01,2.216413443602152356e+01,-5.113350427832672018e+00,-5.851896486892889104e-01,1.440349184824160389e+01,3.125921314364355386e+00,3.371040449356382851e+01,-1.772170045046734543e+01,-8.043419549386449319e+00
1.590911944474445505e+01,-1.016411153182960980e+01,5.063251142415492900e+00,1.281408166096117895e+01,1.286137554558313845e+01,-1.059923683101332514e+01,-1.949599818105515636e+00,2.304197465869486194e+01,-1.240618499221874060e+01
2.364975588593600264e+01,8.405977886302359314e-01,3.838538665955237406e+00,1.456641468489105806e+00,-9.283684413108405309e+00,2.937729781544770091e+01,-2.310852287328029941e+00,1.767354703475821631e-01,1.125998322024070752e+01
-2.159663787962209014e+01,-2.718364794188457889e+00,-8.568600436138192222e+00,4.274994941259794068e+00,-2.370094784251525155e+01,1.936298259593541360e+01,7.998419802009670843e-01,1.122748715627330363e+01,-1.048388620327444443e+01
1.600054050508801140e+01,1.734822073040524382e+00,-6.492450409272826128e+00,4.097559751010774853e+00,-4.542199409360332396e+00,-1.085196901464947317e+01,2.477000783278076312e+01,1.540703594988759129e+01,-1.265194287844366094e+01
1.705622458039803391e+01,-3.321790881053843680e+00,3.230783465714472946e+00,1.727736235139283139e+01,-9.894421300631039529e+00,1.307563709408420394e+01,-4.772474109947243193e+00,1.782509991044163655e+01,-2.090647480530703817e+00
5.517450977105579746e+00,1.367479729633131669e+01,4.370583527998244122e+00,2.651962041814613968e+01,-3.620656947520298097e+00,7.791029615583713319e-01,1.008841242142237782e+01,-7.090497850331493268e+00,-6.982985845772983424e+00
1.790042779464373979e+01,1.429137471469769949e+01,-5.483653523988098577e+00,-1.099328534808380553e+01,-2.028434937269270877e-01,-4.322091032951339784e+00,1.105976128029258909e+01,3.198153973891928903e+00,1.372786360007132878e+01
2.142134809670814732e+01,-1.231255154255332940e+01,-5.943536330681202351e+00,2.568138106147335176e+00,2.313249353367312633e+00,-3.672865254693379988e+00,-6.591687423498293619e-01,2.374485483878135739e+01,3.080389493745866458e-01
1.388950748660461088e+01,-6.359637291483928312e-01,3.763472866055757593e-01,1.037147529997149320e+01,1.158849730216505058e+00,-3.790020721248464675e+00,1.198040555948094621e+01,-6.966407377405635870e+00,1.015996134890447600e+00
-6.142496174170164913e+00,4.851990225459084094e+00,-1.686566655922226543e+00,-1.035379644895231266e+01,6.350600352114534886e+00,-7.323387981389725132e-01,1.588594227662891711e+01,-7.580208415945064893e+00,1.610028852722827963e+01
1.672672440804729987e+01,6.183800224142744995e+00,-1.073026751659755362e+01,1.972712154870330892e+01,7.017989060642555010e+00,2.469116844710343095e+00,-7.490544352128484240e-01,-3.865761679143306484e+00,-6.410597418373916945e+00
-1.458010127103452724e+01,1.432042671922533827e+01,-1.396514593273136207e+00,7.929706776097598997e+00,-1.390216010569634975e+01,-6.227772353023262042e-01,-5.685949409591144477e-01,1.556203884203591770e+01,2.346390222417437954e+01
-7.744536519933533647e+00,1.906618765502460988e+01,-3.759018741008695597e-01,8.141644205435666137e+00,6.724378336142000201e+00,-3.083306103985957503e+00,2.241313673397041839e+01,4.554113938286977081e+00,-1.690462694991447634e+00
-1.591303520452567355e+01,-2.865918901632542592e-01,1.811055036436082943e+01,3.955477723988823247e+00,6.896856190222324656e+00,-1.213230559469680969e+01,-7.753129912144977709e+00,-5.139626247468008557e+00,1.241855279061139150e+01
1.375287820390305527e+01,4.429283744465961625e+00,5.653140688528868196e+00,3.228412034127121188e+01,1.563800835866707750e+01,-2.828406974433000265e+00,-5.803663174530894864e+00,2.481406966505782741e+00,-1.775997631493557449e+01
1.210732480107397890e+01,1.383103977395913020e+01,1.535368509636149703e+01,-2.137534481225826610e+01,2.207562698986351890e+01,1.362700325630060050e+01,-1.105690919837903330e+01,5.538747779417295902e+00,1.122196930301050610e+00
-1.948033310352124570e+00,-7.452155560937378631e+00,-6.351325389561662149e+00,6.638488285047315918e-01,1.745535707167315209e+01,3.364658583594677310e+01,-1.764820348971145592e+01,1.940713976591618817e+00,1.941509539734465051e+01
6.542312151432152056e+00,-9.236612199454576455e+00,1.440278453042218487e+01,-7.609592841350020898e+00,6.509570615002694183e+00,-1.842455039727317256e+01,2.131750207052711588e+01,-1.190133734648518571e+00,6.204013508702132640e+00
-1.624763831534761227e+00,-5.916164132751664972e+00,-1.019420786894061770e+01,9.738359136550702289e+00,2.251162660915419167e+01,-8.825038497907330637e+00,8.387861854119162075e+00,7.010959910197467337e+00,2.033967972738910746e+01
-9.818233567062341072e-01,-1.333919858266493463e+01,2.592606907307066066e+01,1.059655147851820267e+01,3.743723436034251950e+00,-1.471237085307385506e+01,2.456177908611058669e+01,-2.748889008928612210e+00,2.181839224720234682e+01
-2.408505285281952624e+00,-6.855658700575527398e+00,2.370380677789618673e+01,-1.487507070134539200e+00,8.303979550056840964e+00,-3.289076381229555590e+00,-2.245126445797930259e+01,2.054790764546051207e+01,2.198432250154754897e+01
-4.820383349980514431e+00,-8.419362842804277491e+00,-4.256715467012294418e+00,1.917093238372357433e+01,2.585581696601112967e+01,1.625473239448001553e-02,2.101873591058797786e+01,-2.715567639853559534e+00,-1.177039839935397403e+01
6.948576161099885518e+00,9.059443642338162184e-02,1.409494076447939293e+01,-1.015867253575947426e+00,-3.086895881314881240e+00,1.079272621363831242e+01,-7.333162253453008317e-01,2.853413328431229967e+00,1.574006197440634480e+01
1.436239278499948391e+01,-1.149832795009123387e+00,-1.456608146330254705e+01,2.875140966904921047e+00,2.010049604416201063e+01,1.438041027855875598e+01,1.951547198274985462e+01,-3.039374960386187041e+01,3.519502949190540519e+00
7.916671478681568397e-01,1.784587112007645260e+01,5.452416189640592492e+00,-5.206880978170595142e+00,-4.650611960051218574e+00,2.017457537938626189e+01,-7.429498482429059969e+00,2.344606066346748818e+01,-3.551677816731295678e+00
-1.851778748735473101e+01,1.623697341403882177e+01,3.968125863571593470e+00,2.266643667574792786e+01,-6.361006541333629194e+00,9.281888098032917256e+00,1.263698185658475737e+01,-4.526053373896790966e+00,-1.102474865114118430e+01
-4.684030370433552193e+00,2.194291704359638828e+01,2.625399342136256564e+01,-5.474828472432291093e+00,-6.560685375650948892e+00,7.255793635206110537e+00,1.001880477294315419e+01,1.443301443681780150e+01,-2.323348287391692679e+01
-5.730072940405020354e+00,6.119297336153785238e+00,2.391977877176882572e+01,1.067400850414815316e+01,1.093058675403983493e+01,2.125018322859440900e+01,-1.223952806049221564e+01,-1.842654709373324540e+00,1.765541436017756149e+00
1.579850079718645084e+01,1.326224899750588015e+01,1.826967318843487220e+01,6.854485850511844447e+00,7.450707589894381755e+00,-2.088156940844888343e+00,-3.548640319898353379e+00,-5.453706278147013586e-01,-4.301794716247749895e-01
3.533835913406308205e+00,2.330771524813081541e+01,2.983291706541521293e+01,4.836559954044047593e+00,-9.601011837351251188e+00,2.823085744050018775e+00,-1.710282402846614147e+01,8.992392021636018029e+00,-1.468655929475717770e+01
-1.175861843371444948e+01,-7.601538854771034082e+00,1.375806420720195788e+01,-7.730930941353967079e+00,1.100350747828077935e+01,1.008414217363624488e+01,2.630490302726926188e+01,5.745480271630484026e+00,7.453803818987006835e+00
1.406901911252676562e+01,-1.672261582110788680e+00,-2.153718310906869604e+01,6.637585716993692486e+00,-8.617248488432194264e+00,3.142705672898782332e+00,6.707284448461674486e+00,3.003804049425908396e+00,2.475440163436464402e+01
-2.945618609405161514e+00,1.252573847289039399e+01,1.250625016880542084e+01,3.097343241676066938e+01,8.133415163410999682e+00,5.353155109869565997e+00,-7.082672294558726378e+00,-2.116886322514857355e+01,5.956817342654018965e+00
-5.878877659333898997e-02,-2.094337132043446204e+01,2.054525090521225650e+01,1.739530187109084691e+00,1.825101525652696566e+01,6.089247281817716129e+00,-4.261749003340241870e+00,1.840927347029022831e+00,-6.880085254290792207e+00
-3.687114876006304165e+00,-5.330738478910595823e+00,9.512880904096340240e-01,5.507231526999822435e+00,-1.012118507472543838e+00,1.765944683756295319e+01,8.694711107033297637e+00,-1.176268772912809846e+00,2.011488029734815086e+01
1.848867164914593175e+01,-1.541263168863502919e+01,-6.241087587189664276e+00,-1.057752819015074230e+01,-2.940636359295684699e+01,-6.446824186561417314e+00,3.022095853667153165e+00,4.270997921548807419e+00,4.359546303836457248e+00
2.266004626255226384e+01,-4.061163127654456417e+00,1.160953595495821666e+01,2.445142917626042944e+01,-5.714630276940130926e+00,-4.686812099537693399e+00,-1.473141402089198593e+01,1.918809992723277702e+01,1.943071914248663390e+01
-3.993903256293396709e+00,-1.212531571148483067e+01,8.662556451363293775e+00,1.717650503058719380e+01,1.738646855408561365e+01,2.717020133593415920e+01,-2.114140014441687399e+01,-4.550109684954293243e+00,-2.053280072898513442e+00
-4.006436298326797818e+00,2.333389702292024737e+01,-2.107165088130469321e+00,1.315324409636748548e+01,-8.643474372309485787e+00,1.787596302527825287e+01,-8.942868654804955186e-01,2.113023070723787811e+01,9.148964064211220659e+00
9.761606526531540595e+00,-7.037387611279092958e+00,1.006677350993000175e+01,1.746404109057836251e+01,-1.108399710229122093e+01,1.192505358797874671e+01,5.653343675525122514e+00,3.604933931924700907e+00,1.446327032310134086e+01
2.092488675385021679e+01,-4.174819515636021272e+00,-4.009286112941599090e-01,-1.218664806051507377e+01,-1.195501293909810997e-01,1.775815299462653130e+01,-1.226168132847378800e+01,1.741499434388077461e+01,2.917816052368199564e+01
7.437976605633528138e+00,9.820186305736861243e+00,-1.650739019407206909e+00,1.527307950190526853e+01,1.883993681378231599e+01,-2.770489850714361424e+01,-2.943513416964771423e+00,1.248588964953691516e+01,1.133886945940323443e+01
-4.113648480790589090e+00,-6.102850497123642803e+00,-4.712337880690093073e+00,2.623099763634821713e+01,1.337905708162394980e+01,2.027278158757144677e+00,4.833890141276818042e+00,2.100259321207576590e+01,1.548859692026470825e+01
2.371124401146807781e+00,1.429977619274165868e+01,2.491191669438752143e+01,3.394035205862113269e+00,2.137168522377208291e+01,-9.314236472754956253e+00,-6.212189758210802992e+00,1.987408320687747754e+00,-1.391281687301703052e+01
1.268822373923635283e+00,-4.747477004424501601e+00,2.449245441573066628e+01,6.057507008097917200e+00,2.792761255372447238e+01,-3.923174145836394011e+00,1.511397776004686833e+01,4.602850117683268127e-01,-1.207301005357705348e+00
1.264209305600326516e+01,1.876522282043328360e+01,-8.966553683319427037e+00,1.700626651225715591e+01,5.819196613082947778e+00,9.800032011372676877e+00,-1.982299641326822481e+01,-1.231218945910199025e+01,7.384997630215733189e+00
-1.332333283995753881e+01,-3.563988022699736469e+00,8.829851187289891712e+00,7.063153743530879325e+00,2.614165063154084834e+01,1.597161217464677918e+01,-6.933525620116864019e+00,-3.600657261190492786e+00,1.545090591217361187e+01
-5.202481103450009137e+00,1.401728722617857770e+01,-5.129516074632060274e+00,1.126866645415887902e+01,-1.151508742361903082e+01,1.299356866288644419e+01,7.181918285455891615e-01,2.386338043565922362e+01,-8.796877153828644991e-01
7.769229625219692403e-02,5.794683358613107238e+00,7.107844399106668654e+00,1.808571138463840811e+01,1.319168991182055217e+00,1.645526818443971351e+01,-3.788041240237641105e+00,-4.004700303558070829e+00,3.280813299159345320e+01
-1.278546520515097562e+01,1.142895996937563829e+01,9.867435738144317625e+00,3.280121337340800380e+01,-1.742471097423350557e+01,6.415043573357360529e+00,-5.202423693773996938e+00,1.741203373111163444e+01,2.045440806722031546e+00
-7.673225350837576286e+00,4.239195674867051622e+00,2.065981862796354562e+01,-4.159774064467622878e+00,-3.738743342594847419e-01,-1.028019873131809980e+01,2.348358119044662573e-01,2.041964513040533191e+01,1.938739264030176912e+01
1.041079480614759412e+00,2.467245385807945368e+01,1.733907300926107808e+01,-1.532482320562865041e+01,-1.821564867374178665e+00,-2.056512469907870955e+00,1.284524744619609216e+01,4.656783843476977935e+00,-1.295946846748121661e+00
-1.664837933060602282e+01,2.722159388770534427e+00,8.500157339917599586e+00,1.874710324000025352e+01,-1.697222946259231691e+01,1.205611048713197686e+00,1.139805482051671781e+01,8.237493474803965654e+00,2.235729342561794297e+01
1.480578778462090028e+01,-1.722819737737257739e+01,1.355490433840054720e+01,-6.028596302454382716e+00,6.369885310035727777e+00,1.716550717663042036e+01,7.577846208156063135e+00,-1.520268032354822996e+00,1.564792744498154775e+01
-3.267191444796933020e+00,-1.335833506781687596e+01,-2.970066765969786360e+00,-1.596412513868838090e+01,2.019167825962838236e+01,1.657448915104032139e+01,1.789136282467141825e+01,-1.217592078924239019e+01,3.996835862816875556e-02
9.802664272702205431e-03,-1.000948314776234938e+01,1.099797730044587674e+01,1.466788218731489657e+01,-3.137422430729873923e+00,2.195777412075908686e+01,9.876380577025875240e+00,-1.061562647050485886e+01,1.567974162916170933e+01
8.506485315996666685e+00,9.574790699369490454e+00,7.041030442931308642e+00,-5.584090169208457688e+00,8.287708364593459720e+00,-8.366836384205294408e+00,2.977500653969996858e+00,1.786698116111636425e+00,4.211739872739006518e-01
-3.328455670365635388e+00,-5.917892176309133001e-01,-4.602517765980260300e+00,1.120975692696407577e+01,-5.451572407673463516e+00,2.028496094529984717e+01,5.425513304925400071e+00,2.410443683326706577e+01,-1.218504068597016321e+01
2.918095057668441683e+00,-9.121800211349007981e+00,-7.751378015494793772e+00,-8.846469438921905848e+00,2.807803345811183249e+01,-2.276597220718312276e+00,2.267347396148931082e+01,3.016533774476294383e+01,2.256723153720480379e+00
1.357153164553346514e+01,7.775165286916697838e+00,2.452128553193093197e+01,2.580299813208622339e+01,3.588256381998353817e+01,-1.084032326059349671e+01,-8.159195388126024850e-01,-1.691767036435862792e+01,-4.880418728611910950e+00
-2.872019562919556623e-01,1.120110449511130084e-02,-7.023332807373893871e+00,-5.757357367556898975e-01,2.607464367983038400e+01,-2.215690888561533001e+01,1.837867383734291593e+01,1.131401008561578436e+00,-1.359075344303641941e+01
5.085206404884710096e+00,1.942433559513052899e+01,-5.724390314249874656e+00,-3.710436068469243676e+00,7.585370997250154290e-02,7.631563226009484280e-02,2.980459171225568937e+01,1.412522950653918663e+01,-1.722900836545711201e+01
-6.966898437838210612e+00,2.477962215048978578e+01,-8.795739864008794484e+00,-9.814640787142726808e+00,1.621713995456914148e+01,2.744278080132117381e+01,4.148022631199609123e+00,-9.052631387360412063e+00,-1.606973422299349696e+00
5.864407476962774091e+00,1.047324997626441778e+01,1.513335112630105783e+01,1.584633848384702404e+01,-1.612384626310204894e+01,2.182708989002465927e+01,2.774943193983191225e+00,-1.223887620203686577e+00,2.452867299109617960e+01
-7.494302417364431257e+00,-9.684767104587191255e+00,-7.400592988965600805e-01,2.352837209270218111e+01,1.011265154909461561e+00,1.975054549022524597e+01,3.127052538586502006e+00,1.965803805727128761e+01,6.001433853636569005e+00
1.940160893721466451e+01,1.325790251728309421e+01,-1.395771839043591100e+01,1.168897224615818864e+01,-6.432443372324518904e+00,-5.693536450129623283e+00,5.881693542413509945e+00,7.186609354824160079e+00,1.224826833298620876e+01
-5.472436121837196410e+00,2.102007718345628007e+01,7.120861475833014431e+00,1.830671961894871913e+01,-1.855242754657865145e+00,-3.344063803530592516e+00,-3.684878740765360483e+00,2.447778332404626056e+01,1.264325222453147468e+01
1.302292278511028023e+01,-1.444367335596521452e-02,1.698445726882099382e+00,2.064231202196994275e+01,-4.218313203447468851e+00,1.826141918583090978e-03,1.287959289518751582e+01,1.123161629281977270e+00,2.772489915269120697e+00
2.658360462104470745e+00,-1.070382578032127618e+01,-7.680813338960966519e+00,2.098510427874600381e+01,-1.909454679929064724e+01,-9.254875590067619839e+00,7.355449543572513127e-01,1.506305465413754696e+01,1.716155406495780866e+01
2.017850139149608424e+01,-2.308334124109138852e+00,-3.623063333800977226e+00,4.046713699202741488e+00,7.762748617193207856e+00,2.977073021413778520e+01,4.099360190712869390e+00,1.310041307305419345e+01,2.806261616042593587e+01
2.868221109464846563e+01,-6.897516855340417585e+00,2.866789466552222887e+00,-8.202534627472928719e+00,2.702088094164194843e+01,-1.510694592065834563e+01,-9.770040854699612032e-01,1.191411100594414840e+01,4.662043331354600362e+00
-1.488821265306449781e+01,4.572383061529849080e+00,2.122489646003321440e+01,-9.216773709778559365e+00,-5.761471642664082182e+00,1.079536032423245828e+01,-1.278798676776781162e+00,1.463966848961914202e+01,2.523487778287065098e+01
1.949524004387018650e+01,-5.209447766361829046e+00,-8.003714879457547227e+00,-4.755259938381700024e+00,-2.082443613252292636e+01,-1.620822034181561122e+01,1.246768976052574374e+01,1.377660315299469218e+01,9.034947948326419009e+00
-8.952695951855112355e+00,1.915637781168778586e+00,-1.674666235065423336e+01,2.898772969888180029e+01,-2.038386993929877988e+01,1.853367312358804853e+01,1.533853718372590613e+01,-3.475887932659161184e+00,-4.756841063611423337e+00
2.100536380654022395e+01,1.114528853097568728e+01,1.048788033942131115e+01,4.325096491328413867e-02,-5.703827553607140111e+00,-3.786184281359606940e-01,-7.698834526089686214e+00,1.099385936480159209e+01,4.863995474118070206e+00
2.971404652371517585e+01,1.475753659944224871e+01,-7.084309353341015303e+00,-2.328740488472275327e+00,-1.727532558905228444e-01,2.227917412530731944e+00,2.020039435862394317e+00,6.611048846552846747e+00,2.052269742022736310e+01
-6.388386291452645693e-01,3.281879206208883915e+01,1.266102670799430463e+01,1.574438843364112550e+01,2.861401125731540596e+00,-5.262549985983617784e-01,2.593428921549054067e+01,-5.143620582441425171e+00,-1.044699143845681633e+01
2.536421217097866787e+01,-1.998477921283281278e+00,-7.117464968011736559e+00,5.148294759346509153e+00,9.347345279636199322e+00,-4.259566432293074634e+00,1.855319270738784709e+01,5.016753916376402778e+00,2.181952726563509692e+00
4.383195821996343611e+00,-4.038927044506806396e+00,-1.179221299391549183e+00,2.850988364072813397e+01,-3.264823120806508605e+00,8.932544323668567543e+00,-8.562608550513186145e+00,-1.419761122986114898e+01,7.790093921119214393e+00
1.383808086893847999e+01,-3.080413185935286791e+00,1.494706571143595752e+01,2.139871117894596164e+00,1.603748454975289306e+01,2.728087526742516999e+01,-1.565781807762846256e+00,4.561445207634552412e-01,-6.677605999099991863e+00
1.346574782755670441e+01,6.147519538924479221e+00,3.372974384226281153e+00,1.747913847711933144e+01,3.969966951039277880e+00,-1.344262968766739164e+01,2.436384020533918715e+01,-1.315639292068159172e+01,1.816941555489043125e+01
1.993226549253854785e+01,-2.548509040572093554e+01,1.283991690824346854e+01,1.328299551373851450e+01,-2.629310003865898526e+00,1.638453407752455959e+01,2.216963395475569243e+01,2.622386770752903606e-01,1.852923175867452255e+00
-8.435400781214511312e+00,1.492514896817045633e+00,6.885730932231607149e+00,-6.617994112372585391e+00,9.793485267787602311e+00,1.693484719971054275e+01,-1.474452725591192070e+01,1.416941325121778661e+01,-1.207800258667533910e+01
2.504986459655004083e+01,9.491955898077346632e+00,-1.845963965999827261e+00,-6.252792538487639717e+00,2.550969664290690275e+01,2.623302972468901828e+01,5.073374247788416946e-01,-8.274082187050367798e-01,-1.390575061630218379e+01
-1.322916770462058977e+01,-1.243391029379042223e+00,1.572926738372001809e+00,5.717222235295140731e-01,1.990534143599634831e+01,4.242337449973365260e+00,-2.758790892370475589e+00,2.066546315337236095e+01,1.936016250024741225e+01
-9.578095773884291120e+00,5.948862239576018673e+00,-3.195532657458526327e-01,-8.679921738491978900e+00,1.412947507951868253e+01,1.225972554475120191e+01,-2.982533256719868575e+00,-6.448301748714369008e-01,1.441172140164519710e+01
8.331853939104997275e-01,2.184643165107620177e+01,2.038965554563878158e+01,6.290588559690054815e+00,8.947761565617980750e+00,2.974530696626626991e+01,-1.343223492493472015e+01,-5.365069230307932813e+00,2.834398315797471479e+00
1.736771250650547316e+01,6.249290822154031311e+00,-3.934431397639031935e+00,-7.188384747042363410e-01,-1.574292380011411652e+01,2.776493469481997778e+01,-3.897307337010498696e+00,1.370262353041479253e+00,1.287558460410395789e+01
5.899845307540346084e+00,-5.054173170695324124e+00,1.152710387492320798e+00,3.227478850716286729e+01,-9.587498478117776557e+00,-3.528491752732946019e+00,1.965096562603309849e+01,3.277135554153899477e+01,3.298838557145261419e+00
-1.339569750351610722e+01,1.525050845150125767e+01,1.733970349473582928e+01,-1.281694764851201596e+00,1.920841583713012213e+01,-4.790875764627093858e+00,-1.357660163494188943e+01,3.065625795132884246e+00,1.790476469339748178e+01
-6.141807956200901586e+00,-1.173014872955942600e+01,-3.296587651026261945e+00,1.906926602020712025e+01,2.337183322514473360e+01,1.925222821393219874e+01,2.122402720186913339e+00,4.283430345422671870e+00,1.233196287138166802e+01
1.357885271927519888e+01,1.610786965887226074e+01,-2.571918837876094432e+00,-7.794136479615406898e+00,1.687864622362543088e+01,2.982220121596474627e+01,-5.920819317850812835e-01,-1.058479676057583241e+01,2.949647418217111650e+01
1.974306252512016258e+01,2.913701428895884238e+00,8.370309308562903894e+00,1.222974851269625951e+01,2.297013313965129910e+01,-3.942615465461963176e+00,9.450405045326608633e-01,-4.956433690910353462e-01,-2.434649833648255601e+00
5.864419559393415859e+00,1.132190845274346813e+01,-1.331138148076604821e+01,7.272630747726374523e+00,-2.654604385755825469e+00,1.670064011169154483e+01,1.335122266849321271e+01,-1.805944625399857228e+00,-1.039022399263557439e+01
2.420465064271182598e+01,-6.016138234228067816e+00,7.207352711374761078e+00,1.011473172535986703e-01,1.950952273847453355e+01,2.675138770308469560e+01,1.085528359102445073e+01,1.676473019236864914e+01,-1.577941665466624421e+01
-4.577419814873001869e+00,2.155556836108336327e+01,4.508809394376674717e+00,-2.635673273892156221e-01,-1.102808504126341660e+01,-3.331759449176352916e+00,1.727716168827406662e+01,1.941440195716445061e+01,9.677924454030874202e+00
-1.383147645984193730e+01,2.518271627334373974e+01,8.263935287782013361e+00,4.649767289731705056e+00,-1.421913336121232874e+01,-9.997007484437663294e+00,7.807119872346840461e-01,1.868812535176889966e+01,1.225598138499666767e+01
-9.747852959727300259e+00,8.353110330185243626e+00,4.842455067250753586e+00,3.465685149024344014e+01,-1.181351638084553635e+01,1.041017648358793402e+01,-2.541014358504676718e+00,1.140453111338690562e+01,6.012928056947386857e+00
6.539886535079938668e+00,7.937066415205988434e+00,1.949698767238700370e+01,-3.942697760602923651e+00,1.142071518009161579e+01,-1.971827111228301455e+00,1.530825134994056924e+00,2.492568094828104108e+01,-1.558163257714570982e+00
2.719998808798666179e+00,1.883274349505595779e+01,-1.056566806369080957e+01,-1.287229497374646492e+01,6.061005892174822662e+00,6.833474643596678888e+00,1.594607329714076727e+01,1.135815289956143204e+01,2.107159136768767738e+01
1.154673431937164985e+00,-6.329607219434111087e+00,3.344311272229250509e+00,2.550306812325759509e+00,2.879098048737767357e+01,2.283566811839151356e+01,-4.921590746173566622e+00,9.131606279831963491e+00,1.865770053271980089e+01
2.417650089159194948e+01,2.116895410445736658e+01,2.307306002666945077e-01,-2.094380212654554985e+00,-3.329710611283025923e+00,2.602427846614948415e+00,8.931342714893757417e-01,1.410374043653037646e+01,-1.171930421908503206e+01
3.195832596184246555e+01,-8.387743202796912101e+00,-1.845973072970608531e+00,7.696841666765183554e+00,-1.922479681895678860e+00,2.570624125877502308e+01,1.280518590803200496e+01,4.061204995672459184e+00,-1.870657129069448255e+00
3.140175295952209567e+01,4.760654723217268014e+00,1.195264552082937470e+01,1.662508162351518948e+01,1.531315541577750183e+00,2.101354413183349124e+01,-1.285618042052935550e+01,-1.949574122748978233e+00,-1.155560606137457924e+00
1.373640532622719235e+00,-2.608080487157649952e+00,8.317212481075412001e+00,-6.274332280552288310e+00,2.918254608022861518e+01,1.519540183251083088e+00,8.797102965391104812e-01,4.456004279891670472e-01,-2.394347299374804550e+01
-3.894909595764907362e+00,-1.312508121774477399e+00,-7.266162340383814922e+00,-1.596932977269683107e+01,1.304512641886654389e+00,2.871767065200288016e+01,4.763831569211276928e+00,1.026485557333248266e+01,2.364233779190604068e+01
2.423972820075371004e+01,2.215698665196880413e+01,3.424845141946417204e+00,1.119142488759080045e+01,9.495244235563387036e+00,-1.348252372027504364e+01,2.119474679630200598e+01,-4.126635810063657317e+00,-2.310105285745044590e+00
-8.042420052934946995e+00,-5.831543130148481024e-01,-1.377590691221057817e+01,-1.546434311645363824e+00,5.986887331008310831e+00,1.237176471197720495e+01,-9.969416196250406870e+00,2.374786696112972706e+01,2.133400626208843676e+01
-8.714772019166794337e+00,1.457280171609387409e+01,-9.816435899649526675e+00,1.303857601486021345e+01,2.428108996268967346e+01,-1.138002570269361025e+00,-1.460875425952387197e+01,-1.379608864972223969e+01,1.261493425935251089e+01
-6.245588457380665259e-01,-8.422723968714807441e+00,2.203203693696247001e+01,6.370572461995888780e+00,-6.212583168574080439e+00,7.905971272472439360e+00,1.693869263471238895e+01,-1.369587832644536896e+01,1.996614117718071313e+01
9.802997474008798839e-01,8.304989509333124076e+00,1.067994123102140769e+01,2.525988949134751493e+01,2.316136955634510031e+01,-5.017412935506274652e-01,-2.066609349933763440e+01,5.808099066020486312e+00,-1.181646629412459015e+00
9.186892394887228974e+00,4.021844054340779628e-01,2.118101986565590344e+00,-4.426362899089594016e+00,3.634199496772152038e+00,1.496452969430444924e+01,7.512047093571037948e+00,1.168427889733086289e+01,-8.827795859371990517e+00
4.437729178393463592e+00,-7.024877741648298368e+00,-6.395634805535060252e+00,-1.922183653362098399e-01,-1.027512851103607083e+01,2.578764300840358459e+01,-1.024849049866955930e+01,-1.135023306232050189e+01,7.948182984892679492e+00
1.957043755514597638e+00,1.221337238795499047e+01,2.239816372384918708e+01,-6.289022929681999052e+00,-5.924190858231405121e-01,-3.861929901421527589e+00,1.887152961620949654e+01,-3.235980641414357262e+00,-9.581135539645904586e+00
9.695062056772389525e+00,-5.626786139183861835e+00,2.221635293369895336e+01,-2.708125905937555977e+00,1.741329219424905261e+01,4.157169517536496994e-01,-9.453019203287668759e+00,-1.247924716618791940e+01,4.572834298524774271e-02
-2.297317793820969900e+00,8.925346799164755041e+00,-1.221428055687208669e+01,-1.619671901449621387e+01,-1.884519703003408875e+00,1.756242658914538168e+01,-5.511186413259336447e+00,6.878830500676317072e+00,2.214740902854703464e+01
8.928257625884221227e+00,1.828145900133656809e+01,1.053167718167028966e+01,3.060726989745185378e+01,-9.190178421570674772e+00,-5.689749684110620986e-01,-3.402182948996562040e+00,-3.344941706420732963e+00,-2.973607234664285212e-02
1.006323972289187019e+01,5.482799028919291828e+00,-3.919530918267396746e+00,1.008706334990545450e+01,-2.306378090998954278e+01,2.232096291656264597e+01,1.070433207358264305e+01,1.329416443234140743e+01,1.279706252186416648e+01
8.418543589648949776e+00,2.961276059476312117e+00,1.870348761098729184e+01,2.837278459850121237e+01,-5.159860792088759140e+00,1.936549759904209012e+01,-3.775511660800204172e+00,2.003193400131077606e+00,5.040926563069292321e+00
-9.787406334288567322e+00,3.167050847603226060e+01,-1.711889914491166342e+00,8.042872440893457764e+00,6.476908058517904188e+00,-1.324795674358520792e+01,-6.485453722331348203e+00,3.074270671549341216e+01,-2.433319747477111328e+00
-2.373028301637759352e+00,1.732385324978331553e+01,-1.418176747681485272e+00,-5.038801008601581977e+00,-2.949296986890356020e+00,-2.279595345644080506e+00,-1.005637210262718106e+01,1.822534111565095216e+01,2.078670133998443958e+01
8.571688716635240013e+00,1.418881128225744970e+00,4.996442193576227986e+00,6.792897272750786364e+00,2.093775998073418876e+01,4.990157970234621487e+00,3.478342418839824202e+00,-1.181956925697691929e+01,1.019069019062133208e+01
-1.569909240447391419e+01,-1.248410967737143196e+01,-1.085683376039965253e+01,1.246407258577008825e+01,-7.738255138296146196e-01,-7.889019516438914970e+00,2.627776811605684415e+01,7.847008335188474071e+00,1.762835381415815306e+01
1.175742680819027264e+01,1.515088208704853834e+01,2.185336902548942106e+01,2.078986287276021017e+01,-2.647096772713227075e+00,1.842260200002360548e+01,2.130820646874682112e+01,-1.037032561903594008e+01,-1.404403032769485016e+01
-9.961325339306833726e+00,-7.552570997031793354e+00,5.723154705259445585e+00,-1.997792277376133185e+01,2.728569711476252735e+01,8.387071685367651241e+00,1.023217707614448457e+01,2.019079209168432243e+01,9.237425257770841114e+00
1.499729470922023999e+01,2.082995860369640795e+01,-1.326235532167212128e+00,-2.144933268066118615e+00,2.151983033542258283e+01,9.077785409302267183e+00,2.232742287328850939e+00,2.484913301461015678e+01,-2.007358587574710640e+00
-9.217140343447535855e+00,-1.830426328627070021e+01,8.103395906608385602e+00,1.222453070042937995e+01,1.520853733365136229e+01,-6.616043766707532470e+00,1.314088321834917394e+01,1.077557407803543654e+01,8.072856821030581997e+00
-9.448207292039210614e+00,2.301508693637112657e+01,1.530410603624892651e+01,1.493140982843630660e+01,1.700966593561775264e+00,-8.168640834452485677e+00,-1.421840898213279303e+01,1.129893554674877265e+01,7.617227747361424051e+00
2.180156015777379963e+01,-6.218511578544352325e+00,1.815689003777164601e+01,1.070430461839061032e+01,1.995761467136667378e+01,-6.893572734802500435e+00,-1.714144071757919363e+01,4.464575920874830572e+00,-4.382079611455299784e+00
